"mission_name","region","station","year","month","day","season","event_id","nominal_depth","Nitrate_0_100","Nitrate_100_Inf","Phosphate_0_100","Phosphate_100_Inf","Silicate_0_100","Silicate_100_Inf"
"AMU2019001","LAS","L3_05",2019,6,21,"Summer","345",194.75,579.775,1039.440625,75.507875,85.4431875,657.895,858.6775
"AMU2019001","LAS","L3_06",2019,6,21,"Summer","340",244.940002441406,721.07,1621.86273422241,85.505,131.72463243103,824.94,1307.11522338867
"AMU2019001","LAS","L3_07",2019,6,21,"Summer","336",364.622497558594,692.16625,3632.13403030396,74.386125,251.307256851196,696.9325,2058.22992919922
"AMU2019001","LAS","L3_08",2019,6,21,"Summer","332",897.997497558594,1037.23875,12426.7590745552,76.1155,818.632910196177,622.54375,6701.79530335255
"97009","CLS","112_7",1997,6,5,"Spring","97009340",3491.12744140625,1227.265,NA,77.3175,NA,636.85,NA
"97009","CLS","49_4",1997,5,22,"Spring","97009150",3150.71508789062,1126.356,NA,83.157,NA,658.376,NA
"97009","CLS","50_6",1997,5,22,"Spring","97009157",3330.4716796875,1390.78,NA,97.703,NA,838.496,NA
"97009","CLS","53_5",1997,5,23,"Spring","97009168",3579.6826171875,1219.961,NA,86.117,NA,639.347,NA
"97009","CLS","57_2",1997,5,24,"Spring","97009180",3559.6201171875,1278.685,NA,85.824,NA,727.235,NA
"97009","CLS","67_6",1997,5,25,"Spring","97009200",3087.81005859375,819.968,NA,74.098,NA,743.532,NA
"97009","CLS","67_6",1997,5,26,"Spring","97009200",3087.81005859375,1336.675,NA,89.23,NA,851.075,NA
"HUD2000009","CLS","0",2000,6,3,"Spring","2000009119",3494.8125,1147.36825,NA,95.474,NA,727.99025,NA
"HUD2000009","CLS","AR7W-11",2000,5,26,"Spring","2000009043",2889.18359375,1302.8755,NA,98.8195,NA,802.67775,NA
"HUD2000009","CLS","AR7W-11",2000,5,26,"Spring","2000009045",2878.74755859375,1304.559,44439.2673873223,98.9875,3130.97532228457,789.093,27636.894611955
"HUD2000009","CLS","AR7W-12",2000,5,26,"Spring","2000009041",3148.5,1242.505,49560.56509375,94.975,3388.14597995427,780.6975,31653.2382891768
"HUD2000009","CLS","AR7W-14",2000,5,30,"Spring","2000009072",3495.99755859375,1226.63775,53057.7017059928,95.871,3840.31812878155,734.3295,35452.9495104027
"HUD2000009","CLS","AR7W-16",2000,5,31,"Spring","2000009080",3552.87744140625,1429.268,53641.5933225098,95.2575,3495.2138269043,817.3125,33090.2583127441
"HUD2000009","CLS","AR7W-16B",2000,6,3,"Spring","2000009110",3589.81494140625,1275.554,54170.1459020996,99.0105,3970.45170288086,801.718,37132.2335983887
"HUD2000009","CLS","AR7W-17",2000,6,2,"Spring","2000009103",3591.75,1275.94075,NA,102.4635,NA,804.6505,NA
"HUD2000009","CLS","AR7W-17",2000,6,2,"Spring","2000009105",3587.68994140625,1218.47925,54490.0934799805,103.31875,4168.1986940918,822.14675,35902.4783574219
"HUD2000009","CLS","AR7W-18",2000,5,31,"Spring","2000009082",3579.6826171875,1246.64375,53691.3706580768,98.743,3747.98362255908,773.38425,34440.3847665046
"HUD2000009","CLS","AR7W-21",2000,6,1,"Spring","2000009101",3314.45166015625,704.07325,47318.8989673154,67.15675,3248.72387147609,597.77525,33273.4016129335
"HUD2000009","CLS","AR7W-22",2000,5,31,"Spring","2000009090",3150.71508789062,404.7625,48552.36772457,62.92725,3459.46282507332,549.94675,31282.6058615728
"HUD2000009","CLS","AR7W-23",2000,6,1,"Spring","2000009097",3034.28393554688,357.9875,43393.0683601074,49.578,2992.71272131348,573.15,29716.063701416
"HUD2000009","CLS","AR7W-23",2000,6,1,"Spring","2000009098",2976.07861328125,555.26875,NA,60.115,NA,629.0275,NA
"HUD2000009","CLS","L3-15",2000,6,3,"Spring","2000009112",3515.6826171875,1251.36425,54807.2192703694,101.59325,3952.17125113941,722.69575,37058.6965095886
"HUD2000009","CLS","L3-20",2000,5,31,"Spring","2000009085",3497.625,808.44375,53751.6710128906,77.143,3757.50909726563,646.30675,35308.5632164062
"HUD2000009","CLS","L3-20",2000,5,31,"Spring","2000009087",3482.4951171875,906.2985,NA,81.25975,NA,664.0315,NA
"HUD2000009","CLS","Labrador S",2000,5,26,"Spring","2000009039",3300.99755859375,1258.86875,51728.382370169,93.1825,3528.64371078121,750.95,31856.3450641863
"HUD2000009","CLS","M1372",2000,5,30,"Spring","2000009077",3521.06005859375,1245.23325,NA,89.9355,NA,696.5695,NA
"HUD2001022","CLS","102_1",2001,6,7,"Spring","102",3331.525390625,866.24025,52628.7950145189,72.31125,3686.44031550491,514.57875,33361.5189039588
"HUD2001022","CLS","105_1",2001,6,8,"Spring","105",3027.1640625,847.106,47576.1598502502,61.446,3042.16064856668,548.85775,30245.1372459782
"HUD2001022","CLS","146_1",2001,6,9,"Spring","146",3150.78515625,781.2455,46562.2040630033,67.49375,3267.64960882683,589.26225,31940.2759009362
"HUD2001022","CLS","161_1",2001,6,9,"Spring","161",3484.2548828125,1037.036,NA,78.307,NA,592.98875,NA
"HUD2001022","CLS","162_1",2001,6,9,"Spring","162",3495.69506835938,993.5695,50617.2683659618,79.495,3589.12620148908,591.9615,35151.8132851706
"HUD2001022","CLS","164_1",2001,6,9,"Spring","164",3584.5625,1217.90775,57397.8265867904,80.6215,3605.48768447142,718.3205,35969.2454773289
"HUD2001022","CLS","183_1",2001,6,10,"Spring","183",3562.56005859375,1113.3675,57773.0339282227,80.7645,3640.45370654297,506.742,38010.1097136231
"HUD2001022","CLS","209_1",2001,6,10,"Spring","209",3300.99755859375,945.4465,NA,69.991,NA,441.62325,NA
"HUD2001022","CLS","211_1",2001,6,10,"Spring","211",3300.99755859375,923.92475,53154.7127590547,72.61875,3424.66966845703,521.66275,34085.3508997671
"HUD2001022","CLS","72_1",2001,6,5,"Spring","72",2902.43359375,1210.6235,NA,89.0205,NA,761.61425,NA
"HUD2001022","CLS","75_1",2001,6,5,"Spring","75",2954.25366210938,1059.48375,46187.5588700305,80.423,3174.16638314994,630.462,30725.4519849603
"HUD2001022","CLS","79_1",2001,6,5,"Spring","79",3157.93994140625,968.5075,51296.7898344726,71.81675,3405.49923876953,443.045,32093.708989502
"HUD2001022","CLS","84_1",2001,6,6,"Spring","84",3491.12744140625,1044.859,56646.0865559082,75.504,3726.13971446687,151.0195,36184.0898128057
"HUD2001022","CLS","90_1",2001,6,6,"Spring","90",3520.875,1075.51675,56131.418125,82.76275,3744.4633125,414.785,35898.0090625
"HUD2001022","CLS","95_1",2001,6,6,"Spring","95",3649.18994140625,1297.11325,58675.5700920947,94.26075,3973.75953910076,684.13125,39173.5510871296
"HUD2001022","CLS","96_1",2001,6,7,"Spring","96",3546.43505859375,1139.07275,NA,87.616,NA,680.272,NA
"HUD2001022","CLS","98_1",2001,6,7,"Spring","98",3546.43505859375,1118.77975,56638.4803948378,85.78075,3843.25905213064,673.03625,35852.1664373745
"HUD2001022","CLS","Site 11",2001,6,5,"Spring","2001022072",2889.18359375,1206.155,NA,88.775,NA,759.005,NA
"HUD2001022","CLS","Site 12",2001,6,5,"Spring","2001022079",3122.8701171875,966.974,NA,71.6405,NA,440.109,NA
"HUD2001022","CLS","Site 13",2001,6,10,"Spring","2001022209",3300.99755859375,918.79275,NA,68.785,NA,434.57725,NA
"HUD2001022","CLS","Site 13",2001,6,10,"Spring","2001022211",3300.99755859375,731.994,NA,60.43125,NA,391.6935,NA
"HUD2001022","CLS","Site 14",2001,6,6,"Spring","2001022084",3491.12744140625,1044.859,NA,75.504,NA,151.0195,NA
"HUD2001022","CLS","Site 15",2001,6,6,"Spring","2001022090",3520.875,1071.84475,NA,82.54225,NA,407.67575,NA
"HUD2001022","CLS","Site 16",2001,6,10,"Spring","2001022183",3559.6201171875,998.2085,NA,73.5645,NA,405.63625,NA
"HUD2001022","CLS","Site 17",2001,6,7,"Spring","2001022095",3649.18994140625,1297.297,26478.7804111328,94.31975,4232.94963354492,685.723,28303.7369455566
"HUD2001022","CLS","Site 18",2001,6,9,"Spring","2001022164",3579.6826171875,1065.20825,NA,71.756,NA,670.76325,NA
"HUD2001022","CLS","Site 19",2001,6,7,"Spring","2001022096",3546.43505859375,1134.93075,NA,87.37925,NA,679.2395,NA
"HUD2001022","CLS","Site 19",2001,6,7,"Spring","2001022098",3546.43505859375,1110.45375,NA,85.32275,NA,671.8585,NA
"HUD2001022","CLS","Site 20",2001,6,9,"Spring","2001022161",3484.2548828125,1046.8955,NA,78.43175,NA,595.67425,NA
"HUD2001022","CLS","Site 20",2001,6,9,"Spring","2001022162",3495.69506835938,986.0545,NA,79.014,NA,587.834,NA
"HUD2001022","CLS","Site 21",2001,6,7,"Spring","2001022102",3330.4716796875,860.43125,NA,71.99825,NA,511.75575,NA
"HUD2001022","CLS","Site 22",2001,6,9,"Spring","2001022146",3160.86499023438,781.4345,NA,67.525,NA,590.0415,NA
"HUD2001022","CLS","Site 23",2001,6,8,"Spring","2001022105",3034.28393554688,427.914,NA,39.9805,NA,418.75,NA
"HUD2004016","CLS","L3 11",2004,5,21,"Spring","81",2902.43359375,1428.14525,39767.4864316406,95.28025,2584.79455664063,945.60625,22121.8339863281
"HUD2004016","CLS","L3 11",2004,5,21,"Spring","82",2932.3134765625,1400.571,45578.4445974463,91.492,2834.86622751302,744.03325,28958.5564807471
"HUD2004016","CLS","L3 12",2004,5,21,"Spring","90",3170.5,1344.19625,48706.987,88.90075,3183.26175,754.13525,28078.69825
"HUD2004016","CLS","L3 13",2004,5,22,"Spring","100",3310.00244140625,1366.15075,51917.9706206055,90.24975,3261.54724511719,819.2375,29286.7000432129
"HUD2004016","CLS","L3 14",2004,5,22,"Spring","110",3495.99755859375,1326.75825,55255.3593840741,86.219,3443.5933863154,724.68925,34848.4945077076
"HUD2004016","CLS","L3 15",2004,5,22,"Spring","123",3564.18505859375,1384.262,57291.8749433594,92.738,3703.82198168945,837.901,38552.1275800781
"HUD2004016","CLS","L3 16",2004,5,22,"Spring","133",3566.25,1265.353,NA,87.8235,NA,784.58125,NA
"HUD2004016","CLS","L3 16",2004,5,22,"Spring","134",3559.6201171875,1266.424,55890.6441908803,89.58725,3705.66826173076,759.98875,35312.279044378
"HUD2004016","CLS","L3 17",2004,5,23,"Spring","149",3648.7451171875,1118.7385,57338.879296875,81.399,3828.78617675781,712.433,37429.3433881836
"HUD2004016","CLS","L3 18",2004,5,23,"Spring","162",3575.1826171875,1400.202,54401.9529664014,94.86825,3552.40082606786,799.38975,35973.428243064
"HUD2004016","CLS","L3 19",2004,5,25,"Spring","213",3547.93505859375,1379.4865,55626.0080232806,90.169,3582.03659494239,777.41,34039.5514932738
"HUD2004016","CLS","L3 20",2004,5,25,"Spring","223",3485.32495117188,683.63375,55208.0221676829,58.35175,3459.7286841591,474.7855,34290.9707178107
"HUD2004016","CLS","L3 21",2004,5,25,"Spring","237",3329.181640625,865.95425,48861.7306298828,67.59125,3121.69989648437,513.9495,24107.1151513672
"HUD2004016","CLS","L3 21",2004,5,25,"Spring","238",3329.181640625,760.96475,51361.4819671152,61.509,3314.14422626592,577.28325,34056.7106895564
"HUD2004016","CLS","L3 22",2004,5,25,"Spring","246",3150.71508789062,514.5585,47046.0467342869,46.0285,3037.93891108083,453.204,30025.7960110458
"HUD2004016","CLS","L3 23",2004,5,27,"Spring","279",3023.15405273438,925.25325,46630.5046619897,67.67975,2983.78536571628,669.51475,29089.6788195759
"HUD2004016","CLS","L3 13",2004,5,21,"Spring","100",3310.00244140625,NA,52896.220377412,NA,3267.63522859267,NA,34023.77266954
"HUD2004016","CLS","L3 17",2004,5,22,"Spring","149",3648.7451171875,NA,53197.4807648929,NA,3650.56882090478,NA,43337.659689323
"HUD2005016","CLS","107_1",2005,6,1,"Spring","18HU05016107",3300.99755859375,1129.14075,52543.3456619731,80.38975,3517.7629407072,428.0835,33060.4460656924
"HUD2005016","CLS","114_1",2005,6,1,"Spring","18HU05016114",3170.5,1217.508,52770.6685,80.5055,3293.6645,716.931,32559.7165
"HUD2005016","CLS","121_1",2005,6,1,"Spring","18HU05016121",2871.43359375,1088.13,48357.9505820885,74.59675,2929.33073333549,792.32875,29791.431823545
"HUD2005016","CLS","36_1",2005,5,30,"Spring","18HU05016036",3160.59497070312,990.2725,50328.4716516964,81.7265,3528.89070687366,527.423,30995.1348173785
"HUD2005016","CLS","47_1",2005,5,30,"Spring","18HU05016047",3484.2548828125,1107.987,55813.183213714,84.33125,3749.82518512016,629.20425,35243.1255833486
"HUD2005016","CLS","4_1",2005,5,29,"Spring","18HU05016004",3330.83178710938,972.5225,52067.2210801492,93.3905,4454.30147243127,589.01975,31888.1828129963
"HUD2005016","CLS","56_1",2005,5,31,"Spring","18HU05016056",3552.06494140625,1169.0235,56841.8613131617,87.625,3872.88735494498,669.5955,37502.3216007523
"HUD2005016","CLS","64_1",2005,5,31,"Spring","18HU05016064",3575.1826171875,1081.28275,55678.7983421538,83.6855,3991.41500346897,515.7075,35798.7566435865
"HUD2005016","CLS","72_1",2005,5,31,"Spring","18HU05016072",3644.31494140625,1246.637,58075.4573963842,92.46,3956.50500759997,613.063,36312.2211298429
"HUD2005016","CLS","81_1",2005,5,31,"Spring","18HU05016081",3559.6201171875,1129.2715,56545.8424392836,79.37425,3844.79445582432,351.3945,36055.9092522285
"HUD2005016","CLS","8_1",2005,5,29,"Spring","18HU05016008",3032.50390625,943.119,47825.4886516265,80.5915,3546.20348887162,462.6685,30048.6137048212
"HUD2005016","CLS","90_1",2005,5,31,"Spring","18HU05016090",3533.56494140625,1075.335,55404.0216651417,75.761,3833.94464182947,353.093,34556.8649213863
"HUD2005016","CLS","98_1",2005,6,1,"Spring","18HU05016098",3491.12744140625,1080.9025,55353.7156748996,78.87725,3938.68068172467,395.355,36767.2397553431
"HUD2006019","CLS","102_1",2006,5,28,"Spring","18HU06019102",3533.56494140625,1005.70475,53266.4218386463,74.1275,3765.96092446049,402.7145,35662.4113765764
"HUD2006019","CLS","113_1",2006,5,29,"Spring","18HU06019113",3559.6201171875,920.0085,55192.0002670898,70.01375,3692.31979492188,368.85225,30734.1819702148
"HUD2006019","CLS","125_1",2006,5,29,"Spring","18HU06019125",3644.31494140625,1057.746,58592.9574622249,73.1875,3790.36679776933,408.216,37105.4528427528
"HUD2006019","CLS","135_1",2006,5,29,"Spring","18HU06019135",3572.4326171875,991.4775,54560.3768291016,74.27725,3684.76372314453,409.669,30402.7262407227
"HUD2006019","CLS","136_1",2006,5,29,"Spring","18HU06019136",3572.4326171875,1166.57475,59786.2163043299,81.317,3767.27226026247,594.38275,37094.3460506046
"HUD2006019","CLS","144_1",2006,5,29,"Spring","18HU06019144",3545.9951171875,1167.69525,56206.9438196403,81.4465,3665.6293740392,666.88325,35905.3152103652
"HUD2006019","CLS","153_1",2006,5,29,"Spring","18HU06019153",3495.69506835938,1177.0545,55920.9774995764,86.14625,4071.21584964954,535.3835,35001.4538015827
"HUD2006019","CLS","167_1",2006,5,30,"Spring","18HU06019167",3330.52172851562,1084.367,53116.2215736223,76.3235,3470.20346084858,548.038,33823.5823888688
"HUD2006019","CLS","181_1",2006,5,30,"Spring","18HU06019181",3027.1640625,780.7815,48522.503076861,63.5665,3184.5121100878,335.587,31698.5195184652
"HUD2006019","CLS","218_1",2006,5,31,"Spring","18HU06019218",3150.71508789062,1104.993,48624.2324660502,73.6645,3155.48747560118,488.9145,30672.7149125977
"HUD2006019","CLS","67_1",2006,5,27,"Spring","18HU06019067",2889.18359375,917.60775,47009.3858988235,72.4475,2941.6405856254,626.10725,29783.5835356228
"HUD2006019","CLS","75_1",2006,5,28,"Spring","18HU06019075",3083.81005859375,854.62725,49992.9994482676,63.34325,3263.73719523982,450.218,30955.3025113006
"HUD2006019","CLS","81_1",2006,5,28,"Spring","18HU06019081",3295.3076171875,862.7935,51369.1844716975,58.8435,3343.63505351911,543.433,33537.1340848912
"HUD2006019","CLS","91_1",2006,5,28,"Spring","18HU06019091",3500.49755859375,887.544,55220.7184758301,65.916,3785.35602172852,562.3425,28786.4518212891
"HUD2006019","CLS","92_1",2006,5,28,"Spring","18HU06019092",3495.99755859375,777.585,55828.9081358901,61.6785,3645.90001432077,440.17775,35319.6690037274
"HUD2006019","CLS","113_1",2006,5,28,"Spring","18HU06019113",3559.6201171875,NA,56266.5250944608,NA,3810.91411201412,NA,37163.1683150745
"HUD2007011","CLS","112_1",2007,5,16,"Spring","18HU07011112",3587.4326171875,1630.49,56416.3859956055,103.72175,3786.82622998047,921.76725,42291.8848803711
"HUD2007011","CLS","133_1",2007,5,16,"Spring","18HU07011133",3484.2548828125,587.99125,55485.2438604862,56.7975,3589.17355842698,450.44025,34431.6693152134
"HUD2007011","CLS","145_1",2007,5,16,"Spring","18HU07011145",3329.181640625,740.095,49784.1123056641,64.6345,3222.80036816406,557.0505,23428.7629375
"HUD2007011","CLS","146_1",2007,5,16,"Spring","18HU07011146",3329.181640625,627.217,53132.489417976,56.716,3413.49907139354,542.117,32439.538466025
"HUD2007011","CLS","154_1",2007,5,16,"Spring","18HU07011154",3160.86499023438,559.7875,50021.4220741723,53.98125,3247.12751936876,568.6,31117.1579490223
"HUD2007011","CLS","160_1",2007,5,17,"Spring","18HU07011160",3010.10400390625,623.8465,46290.6798190838,60.153,3140.56955621995,473.157,29194.8763972877
"HUD2007011","CLS","225_1",2007,5,21,"Spring","18HU07011225",2889.18359375,1356.688,40796.6381445313,94.257,2737.5437890625,769.0345,21429.5091835937
"HUD2007011","CLS","42_1",2007,5,14,"Spring","18HU07011042",2885.56518554688,1365.6885,45337.3443513504,93.2895,2932.74371809931,790.528,27294.1860372335
"HUD2007011","CLS","48_1",2007,5,14,"Spring","18HU07011048",3087.81005859375,1417.8105,48599.8026560059,93.21425,3170.2352121582,855.175,29922.4512714844
"HUD2007011","CLS","54_1",2007,5,14,"Spring","18HU07011054",3315.49755859375,1162.5655,53428.6212517511,80.7375,3402.18811927815,749.6585,34208.9949690345
"HUD2007011","CLS","63_1",2007,5,14,"Spring","18HU07011063",3469.62744140625,1364.4005,53480.4165046387,88.431,3434.48961767578,712.244,26300.1286408691
"HUD2007011","CLS","64_1",2007,5,14,"Spring","18HU07011064",3469.62744140625,1372.18225,57090.4536448524,88.90125,3490.53968525932,732.1695,36552.2333248162
"HUD2007011","CLS","74_1",2007,5,15,"Spring","18HU07011074",3533.56494140625,1409.53425,57217.4404410857,95.327,3582.07577708302,778.66775,35882.8619546557
"HUD2007011","CLS","83_1",2007,5,15,"Spring","18HU07011083",3562.56005859375,1297.1875,57081.4283172682,86.2345,3679.11738719197,732.7255,36949.9691726052
"HUD2007011","CLS","96_1",2007,5,15,"Spring","18HU07011096",3649.18994140625,785.683,53882.6773327637,63.0265,3454.7847878418,626.967,27461.3845458984
"HUD2007011","CLS","97_1",2007,5,15,"Spring","18HU07011097",3586.25,NA,56523.8608134282,NA,3550.41963768564,NA,35607.7174433787
"HUD2007011","CLS","112_1",2007,5,15,"Spring","18HU07011112",3587.4326171875,NA,50273.5348579362,NA,3269.9225685273,NA,37662.0695211518
"HUD2007011","CLS","123_1",2007,5,16,"Spring","18HU07011123",3552.06494140625,NA,56487.4435410922,NA,3712.26196255772,NA,43303.7572023366
"HUD2008009","CLS","108_1",2008,5,26,"Spring","18HU08009108",3577.6826171875,997.07225,56196.4596721823,75.17325,3787.79439857977,640.37325,37415.2869113262
"HUD2008009","CLS","120_1",2008,5,27,"Spring","18HU08009120",3586.25,1146.43575,56179.2134788057,79.22,3796.8455886448,634.9105,36381.6870779703
"HUD2008009","CLS","129_1",2008,5,27,"Spring","18HU08009129",3562.56005859375,1245.032,56588.6587632714,87.928,3771.91795611746,714.811,37680.1423845663
"HUD2008009","CLS","139_1",2008,5,27,"Spring","18HU08009139",3520.875,1113.1225,53337.1894375,80.8595,3634.427625,695.58575,28931.0088125
"HUD2008009","CLS","140_1",2008,5,27,"Spring","18HU08009140",3520.875,1011.298,56042.6353260726,74.66225,3735.36020146981,633.554,37791.2173029661
"HUD2008009","CLS","152_1",2008,5,27,"Spring","18HU08009152",3491.12744140625,1240.46625,55285.1876904425,88.75475,3733.78985809048,750.56275,36175.1068612297
"HUD2008009","CLS","161_1",2008,5,27,"Spring","18HU08009161",3295.3076171875,888.265,51583.2326954756,66.7015,3496.21330609089,499.03975,32847.2214290443
"HUD2008009","CLS","168_1",2008,5,28,"Spring","18HU08009168",3087.81005859375,915.11875,49270.4585103612,73.64275,3262.91792324832,547.1285,31031.9322180162
"HUD2008009","CLS","177_1",2008,5,28,"Spring","18HU08009177",2889.18359375,950.046,45792.4524661993,75.3995,3087.17265672316,467.353,28493.7153917691
"HUD2008009","CLS","59_1",2008,5,24,"Spring","18HU08009059",3032.50390625,1194.209,47125.6808079447,81.491,3098.99055583505,696.22425,30835.519072343
"HUD2008009","CLS","68_1",2008,5,25,"Spring","18HU08009068",3150.78515625,870.831,46639.4433242188,59.66425,3093.0211484375,541.2865,23649.7884941406
"HUD2008009","CLS","69_1",2008,5,25,"Spring","18HU08009069",3149.14501953125,641.3,50233.2632677819,45.4015,3290.96588309855,468.134,32343.7275319186
"HUD2008009","CLS","77_1",2008,5,25,"Spring","18HU08009077",3330.4716796875,877.21625,52252.6936017849,59.399,3489.1956190021,553.9645,32993.1189852414
"HUD2008009","CLS","86_1",2008,5,26,"Spring","18HU08009086",3492.69506835938,998.4455,54913.7807040939,68.23875,3707.79350012302,630.1545,36234.952390724
"HUD2008009","CLS","96_1",2008,5,26,"Spring","18HU08009096",3546.43505859375,1166.1035,53056.5846848145,84.1685,3511.80282470703,719.00975,28923.140404541
"HUD2008009","CLS","97_1",2008,5,26,"Spring","18HU08009097",3551.875,1099.63475,55844.4998277344,80.02575,3756.41135712891,687.28575,36656.2521790039
"HUD2009015","CLS","103_1",2009,5,23,"Spring","18HU09015103",3644.31494140625,1152.021,57499.6294979581,79.53,3828.33596070538,675.495,35838.9054559002
"HUD2009015","CLS","112_1",2009,5,23,"Spring","18HU09015112",3566.25,1413.40125,56590.681898341,86.8215,3407.06997839506,736.8715,36853.7850204475
"HUD2009015","CLS","122_1",2009,5,24,"Spring","18HU09015122",3520.875,1424.43975,53155.00425,87.1195,3150.013875,778.59625,27848.6989375
"HUD2009015","CLS","123_1",2009,5,24,"Spring","18HU09015123",3533.56494140625,1439.65225,56540.4802824477,90.3565,3366.51202633165,780.907,37019.3729427182
"HUD2009015","CLS","135_1",2009,5,24,"Spring","18HU09015135",3477.87744140625,1399.8495,54904.6203428801,93.731,3446.03150240897,806.556,36549.5669789348
"HUD2009015","CLS","146_1",2009,5,25,"Spring","18HU09015146",3302.5576171875,1458.676,51903.3130103255,97.328,3409.10762319467,820.232,34439.4776965418
"HUD2009015","CLS","154_1",2009,5,25,"Spring","18HU09015154",3087.81005859375,1358.32075,49163.3273180452,92.186,3159.69537055364,718.83,30543.7673328834
"HUD2009015","CLS","162_1",2009,5,25,"Spring","18HU09015162",2889.18359375,1432.9075,41346.6581660156,88.2005,2682.8256171875,748.51475,21946.3733320312
"HUD2009015","CLS","163_1",2009,5,25,"Spring","18HU09015163",2889.18359375,1371.631,45987.0222276189,89.544,2866.61133926641,729.021,28601.2770348983
"HUD2009015","CLS","27_1",2009,5,20,"Spring","18HU09015027",3160.59497070312,785.629,50216.9871692115,54.2355,3079.06916534641,333.098,31499.4053854095
"HUD2009015","CLS","55_1",2009,5,22,"Spring","18HU09015055",3019.69409179688,527.74925,45618.0130355225,39.0245,2831.17310131836,155.8465,22522.5304730225
"HUD2009015","CLS","62_1",2009,5,22,"Spring","18HU09015062",3332.60546875,1034.9535,52160.2198980638,72.157,3322.34174903295,538.697,32360.9415017679
"HUD2009015","CLS","72_1",2009,5,22,"Spring","18HU09015072",3495.69506835938,1018.23925,53538.0021607666,71.11675,3305.81949658203,613.4855,26825.9721005859
"HUD2009015","CLS","73_1",2009,5,22,"Spring","18HU09015073",3497.625,868.7535,55933.6524163524,65.38275,3383.4628356681,601.68625,35377.7203813308
"HUD2009015","CLS","83_1",2009,5,22,"Spring","18HU09015083",3546.43505859375,1208.89475,55518.840130649,78.233,3493.3112933644,702.55975,35971.9634284906
"HUD2009015","CLS","94_1",2009,5,23,"Spring","18HU09015094",3572.4326171875,1012.496,56321.8081452569,73.9985,3530.61203424583,626.35225,35371.8080268847
"HUD2009015","CLS","55_1",2009,5,21,"Spring","18HU09015055",3019.69409179688,NA,46879.1762623606,NA,2954.44874877208,NA,28955.2053224191
"HUD2010014","CLS","114_1",2010,5,19,"Spring","18HU10014114",2997.24853515625,1244.03475,43801.7410913086,88.22125,3004.34673095703,721.263,22122.567565918
"HUD2010014","CLS","129_1",2010,5,20,"Spring","18HU10014129",3329.181640625,1064.3765,52153.3781819654,81.11725,3312.61979242699,569.55025,34109.4033038263
"HUD2010014","CLS","16_1",2010,5,17,"Spring","18HU10014016",3647.25,1035.2335,58047.3560791016,80.3635,4070.62448476562,462.824,38586.4381503906
"HUD2010014","CLS","189_1",2010,5,21,"Spring","18HU10014189",3562.56005859375,1299.18375,55899.0777944336,NA,NA,743.693,37645.3894355469
"HUD2010014","CLS","196_1",2010,5,22,"Spring","18HU10014196",3520.875,1011.85425,55951.03075,NA,NA,456.811,33560.78225
"HUD2010014","CLS","203_1",2010,5,22,"Spring","18HU10014203",3482.9375,1036.30325,56041.2063455316,78.02225,3797.04030397487,420.1495,38361.0641781699
"HUD2010014","CLS","219_1",2010,5,23,"Spring","18HU10014219",3102.75,1092.427,49061.15625,87.091,3396.33875,592.0855,27225.9945
"HUD2010014","CLS","225_1",2010,5,23,"Spring","18HU10014225",2889.18359375,973.5445,44176.9451587688,80.993,3169.62806819831,509.399,28555.2659679001
"HUD2010014","CLS","27_1",2010,5,17,"Spring","18HU10014027",3575.1826171875,1117.913,50640.2881782227,85.489,3651.35702197266,511.8395,25503.9775058594
"HUD2010014","CLS","28_1",2010,5,17,"Spring","18HU10014028",3575.1826171875,1124.3155,55975.3735316531,88.47825,4047.29258031518,516.91425,37194.2632107593
"HUD2010014","CLS","47_1",2010,5,18,"Spring","18HU10014047",3546.43505859375,1156.61725,56305.0045983887,87.79025,4014.92250219727,605.297,34534.4850751953
"HUD2010014","CLS","58_1",2010,5,18,"Spring","18HU10014058",3487.205078125,1150.913,53032.1195183393,93.9075,3838.37815032277,559.795,34038.7996076151
"HUD2010014","CLS","115_1",2010,5,19,"Spring","18HU10014115",3019.69409179688,NA,46748.4215554604,NA,3229.22722389746,NA,30494.3468977256
"HUD2010014","CLS","196_1",2010,5,21,"Spring","18HU10014196",3520.875,NA,55929.1218043841,NA,NA,NA,40507.5507859906
"HUD2010014","CLS","219_1",2010,5,22,"Spring","18HU10014219",3102.75,NA,48829.8473478954,NA,3393.35054017857,NA,31429.8905373087
"HUD2010014","CLS","47_1",2010,5,17,"Spring","18HU10014047",3546.43505859375,NA,55833.9194977521,NA,4006.73040302335,NA,40072.1312382085
"HUD2011009","CLS","104_1",2011,5,14,"Spring","18HU11009104",3543.8701171875,1335.2285,54986.3980986328,90.7485,3576.02466210937,715.63225,36823.7924365234
"HUD2011009","CLS","114_1",2011,5,14,"Spring","18HU11009114",3649.18994140625,810.095,55800.4753321039,64.931,3864.23675123187,556.167,36739.5027986386
"HUD2011009","CLS","130_1",2011,5,15,"Spring","18HU11009130",3575.1826171875,1340.55,55917.429081543,90.232,3713.39872558594,728.988,35830.7750957031
"HUD2011009","CLS","144_1",2011,5,15,"Spring","18HU11009144",3546.43505859375,883.957,50540.136092041,73.72275,3592.37526611328,549.00375,24706.2543051758
"HUD2011009","CLS","145_1",2011,5,15,"Spring","18HU11009145",3545.18505859375,897.1485,54842.4974794922,76.807,3882.4521706543,560.4325,35276.4482412109
"HUD2011009","CLS","158_1",2011,5,15,"Spring","18HU11009158",3497.625,917.59225,54557.9666642748,75.701,3811.41452606997,603.751,35737.5377483866
"HUD2011009","CLS","167_1",2011,5,15,"Spring","18HU11009167",3331.5517578125,1032.351,52339.7137793384,83.811,3673.12795869737,657.466,34720.138507481
"HUD2011009","CLS","176_1",2011,5,16,"Spring","18HU11009176",3150.78515625,149.46875,46813.9740118957,22.88775,3430.49182754504,313.31875,30696.8875906588
"HUD2011009","CLS","183_1",2011,5,16,"Spring","18HU11009183",3032.50390625,569.622,39822.3575761719,57.52725,2783.27770703125,521.12775,19719.1252792969
"HUD2011009","CLS","184_1",2011,5,16,"Spring","18HU11009184",3032.50390625,464.1905,44935.0056875,51.3185,3190.10355078125,529.1195,29693.8870214844
"HUD2011009","CLS","40_1",2011,5,12,"Spring","18HU11009040",2902.43359375,1396.579,43723.1367369587,103.4305,3143.50589554984,791.7205,28864.8029322027
"HUD2011009","CLS","51_1",2011,5,12,"Spring","18HU11009051",3102.75,1258.29975,46089.757,NA,3445.6765,782.578,31758.058
"HUD2011009","CLS","60_1",2011,5,13,"Spring","18HU11009060",3318.1875,1303.3515,49364.7106875,NA,3864.93921875,737.4085,34616.8971875
"HUD2011009","CLS","69_1",2011,5,13,"Spring","18HU11009069",3485.25244140625,1482.29825,49756.8778837891,104.03125,3747.05457885742,766.20825,25806.4117346191
"HUD2011009","CLS","70_1",2011,5,13,"Spring","18HU11009070",3492.1826171875,1482.543,53890.6402384567,103.153,3724.01882969118,766.859,34301.7700907601
"HUD2011009","CLS","84_1",2011,5,13,"Spring","18HU11009084",3520.875,1310.31775,55229.8624111435,94.74275,3797.90381039663,710.5615,37372.2967779018
"MLB2012001","CLS","L3_11",2012,6,6,"Spring","18MF12001043",2889.18359375,791.882,44000.9368357688,65.819,3113.61825351566,537.987,28020.5601215948
"MLB2012001","CLS","L3_12",2012,6,6,"Spring","18MF12001049",3087.81005859375,755.48825,46518.9092481018,66.3715,3355.80989053746,442.93225,29816.0568494713
"MLB2012001","CLS","L3_13",2012,6,7,"Spring","18MF12001053",3300.99755859375,1179.66525,49040.5031853027,86.95475,3463.19385351563,583.923,25325.2940615234
"MLB2012001","CLS","L3_14.1",2012,6,7,"Spring","18MF12001061",3491.00244140625,869.409,54987.3174739715,68.81525,3835.74010077585,479.978,36225.8751566639
"MLB2012001","CLS","L3_15",2012,6,7,"Spring","18MF12001064",3520.875,985.955,54640.24475,76.29675,3786.146125,544.93775,28443.9215
"MLB2012001","CLS","L3_15",2012,6,8,"Spring","18MF12001068",3520.875,890.589,54281.159125,75.929,3875.422625,541.4865,36777.3276875
"MLB2012001","CLS","L3_16",2012,6,8,"Spring","18MF12001070",3559.6201171875,936.29325,54980.1136586914,79.0185,4055.19894433594,542.80675,37384.1770830078
"MLB2012001","CLS","L3_17",2012,6,8,"Spring","18MF12001074",3625.93994140625,924.462,54938.6288589132,74.496,3996.49448386247,535.0945,36245.6854538653
"MLB2012001","CLS","L3_17.4",2012,6,12,"Spring","18MF12001131",3584.5,980.15425,53966.028625,78.7825,4018.1101875,545.681,34414.18546875
"MLB2012001","CLS","L3_18",2012,6,8,"Spring","18MF12001079",3579.6826171875,884.1905,51049.7301420898,72.85775,3705.39082861328,497.13725,25408.9616577148
"MLB2012001","CLS","L3_18",2012,6,8,"Spring","18MF12001082",3579.6826171875,706.36125,54000.7518742405,64.3975,3923.41664504523,470.17225,34238.2302228158
"MLB2012001","CLS","L3_19",2012,6,9,"Spring","18MF12001086",3546.43505859375,699.76425,56450.8957304538,59.80475,4097.26820141465,425.66175,37243.2508849335
"MLB2012001","CLS","L3_20",2012,6,9,"Spring","18MF12001088",3495.69506835938,1197.9185,56550.7462908873,91.236,3782.36859852884,665.0505,34901.1065406279
"MLB2012001","CLS","L3_21",2012,6,9,"Spring","18MF12001092",3331.5517578125,504.4335,54377.3284538449,48.3045,3568.13794124844,459.735,32690.9946660686
"MLB2012001","CLS","L3_21B",2012,6,9,"Spring","18MF12001091",3331.5517578125,1043.58875,51252.7085341797,79.458,3433.42974267578,587.94025,24568.7243681641
"MLB2012001","CLS","L3_22",2012,6,9,"Spring","18MF12001100",3160.86499023438,718.661,50234.7487227913,66.04825,3354.72722838348,502.74525,30928.9217478398
"MLB2012001","CLS","L3_23",2012,6,10,"Spring","18MF12001103",3032.50390625,915.847,42936.9609234762,74.392,3295.89219735475,671.77825,27446.0847531334
"MLB2012001","CLS","L3_13",2012,6,6,"Spring","18MF12001053",3300.99755859375,NA,50243.2967782916,NA,3608.51735632618,NA,31406.7331060219
"MLB2012001","CLS","L3_15",2012,6,7,"Spring","18MF12001068",3520.875,NA,53887.7923296441,NA,3898.22816824002,NA,49985.586707628
"HUD2013008","CLS","BIO_02",2013,5,18,"Spring","164",3590.56494140625,1224.795,51793.5897045898,81.4155,3289.1800546875,705.215,28314.1157983398
"HUD2013008","CLS","L3_11",2013,5,12,"Spring","034",2889.18359375,898.1,41971.5319645643,74.15375,3071.56272206245,405.8525,28354.1180406169
"HUD2013008","CLS","L3_12",2013,5,12,"Spring","042",3168.6201171875,1221.915,46509.5910351563,82.0135,3353.28057666016,676.45,30037.6820117187
"HUD2013008","CLS","L3_13",2013,5,13,"Spring","046",3300.99755859375,816.07,48461.218210569,69.267,3525.98025921144,270.95,33895.8469384766
"HUD2013008","CLS","L3_13.6",2013,5,19,"Spring","170",3483.50244140625,NA,55629.5715283203,NA,3711.09876977539,NA,33263.1636474609
"HUD2013008","CLS","L3_14",2013,5,13,"Spring","050",3500.49755859375,879.25,54044.9960717773,65.2915,3611.73265478516,398.99,29596.3562231445
"HUD2013008","CLS","L3_14.2",2013,5,19,"Spring","169",3507.0625,922.3125,54382.2166447946,74.3345,3666.07373998201,425.9375,36311.2054068645
"HUD2013008","CLS","L3_15",2013,5,13,"Spring","054",3520.875,1203.825,55343.5861153218,92.7735,3814.07485523554,609.4075,36488.574271222
"HUD2013008","CLS","L3_15.5",2013,5,19,"Spring","166",3568.62744140625,1172.95,57165.8254272461,85.2375,3830.79191577148,686.85,34820.3171508789
"HUD2013008","CLS","L3_16",2013,5,14,"Spring","063",3559.6201171875,1131.725,54604.0189833159,87.7805,3840.01514613697,695.845,38092.0900712827
"HUD2013008","CLS","L3_17",2013,5,14,"Spring","071",3649.18994140625,1310.71,53805.2402099609,95.43425,3889.93118554688,766.9875,29829.3483569336
"HUD2013008","CLS","L3_17",2013,5,14,"Spring","076",3649.18994140625,1321.6875,55409.0914257616,96.73125,3760.9334633783,799.625,40089.4344943626
"HUD2013008","CLS","L3_17.5",2013,5,18,"Spring","160",3583.8125,1233.76,57087.311875,81.428,3436.63159375,695.8,32449.196875
"HUD2013008","CLS","L3_18",2013,5,14,"Spring","091",3572.4326171875,1126.38,55979.1688237623,83.82475,3720.05503050851,677.225,35254.8568357829
"HUD2013008","CLS","L3_19",2013,5,15,"Spring","101",3546.43505859375,1346.4725,55797.2481601647,93.678,3759.61117693266,819.28,37755.8135310656
"HUD2013008","CLS","L3_20",2013,5,15,"Spring","118",3495.69506835938,1316.5775,53869.4579882813,92.5305,3574.95410205078,749.02,28628.8833276367
"HUD2013008","CLS","L3_20",2013,5,15,"Spring","119",3495.69506835938,1299.99,54464.9272606074,91.546,3683.4813275336,738.53,36765.9423389763
"HUD2013008","CLS","L3_21",2013,5,15,"Spring","126",3331.5517578125,441.0825,52608.1509586332,NA,NA,331.235,33069.9308664787
"HUD2013008","CLS","L3_22",2013,5,15,"Spring","131",3150.78515625,877.445,49010.3484113216,NA,NA,490.6425,30844.4285234117
"HUD2013008","CLS","L3_23",2013,5,16,"Spring","137",3032.50390625,467.5475,47785.828104232,NA,NA,174.505,30513.961475808
"HUD2014007","CLS","L3_11",2014,5,12,"Spring","108",2889.18359375,1414.7975,44135.4214062385,96.0975,2820.40439880162,738.26,25606.5516760117
"HUD2014007","CLS","L3_11.5",2014,5,12,"Spring","107",3005.93505859375,1466.5325,NA,95.27475,NA,751.15,NA
"HUD2014007","CLS","L3_11.5",2014,5,15,"Spring","144",2958.4951171875,1474.395,45852.4913623047,91.64575,2851.72610253906,811.37,29051.5130175781
"HUD2014007","CLS","L3_12",2014,5,12,"Spring","106",3087.81005859375,1458.2875,47659.5921068093,94.69875,2992.68781641269,751.95,29018.1811202926
"HUD2014007","CLS","L3_12.5",2014,5,12,"Spring","105",3170.9326171875,1496.265,NA,96.81375,NA,759.66,NA
"HUD2014007","CLS","L3_14",2014,5,12,"Spring","102",3495.99755859375,1478.935,57143.9629128523,94.0795,3644.54568132309,727.53,35098.5682034844
"HUD2014007","CLS","L3_14.5",2014,5,11,"Spring","101",3520.31005859375,1461.8825,57103.4020288086,93.57575,3654.87656860352,733.9625,33141.6056860352
"HUD2014007","CLS","L3_15",2014,5,7,"Spring","025",3520.875,1492.88,54504.148671875,101.119,3691.7779921875,758.94,33418.44984375
"HUD2014007","CLS","L3_16",2014,5,7,"Spring","029",3559.6201171875,1445.5,55512.262295669,99.917,3728.97629643092,748.77,34632.0785915681
"HUD2014007","CLS","L3_16.5",2014,5,11,"Spring","096",3554.4375,1531.5875,56497.2178125,98.0825,3512.63021875,747.735,26146.224375
"HUD2014007","CLS","L3_17",2014,5,7,"Spring","033",3625.93994140625,1495.105,56024.0950683594,102.14,3725.39676806641,748.76,27582.0675415039
"HUD2014007","CLS","L3_17",2014,5,7,"Spring","037",3649.18994140625,1507.5325,56545.5348779641,101.99675,3829.4908774139,760.7725,34473.1744562885
"HUD2014007","CLS","L3_18",2014,5,8,"Spring","040",3575.1826171875,1341.9725,54091.5352578297,93.53875,3737.12448481531,725.3825,34318.3506296238
"HUD2014007","CLS","L3_19",2014,5,8,"Spring","043",3546.43505859375,892.89,54246.2039149357,70.482,3716.76181431561,626.46,34481.3935592422
"HUD2014007","CLS","L3_20",2014,5,8,"Spring","047",3497.625,1005.6725,50669.91625,78.02075,3450.7608125,631.88,24555.941875
"HUD2014007","CLS","L3_20",2014,5,8,"Spring","051",3495.69506835938,766.185,53050.4647625027,64.51425,3610.14511739279,609.3825,32153.4238327355
"HUD2014007","CLS","L3_21",2014,5,8,"Spring","054",3331.5517578125,1023.8025,51073.3522015094,77.46775,3435.95065586097,612.62,31487.5838840607
"HUD2014007","CLS","L3_22",2014,5,10,"Spring","086",3161.46508789062,1250.955,45333.0502770996,85.856,2955.89727490234,638.96,21172.5434082031
"HUD2014007","CLS","L3_22",2014,5,10,"Spring","090",3150.78515625,1163.4575,46355.6206551319,82.26125,3165.34666172451,641.2875,29466.4450253211
"HUD2014007","CLS","L3_23",2014,5,9,"Spring","058",3023.15405273438,1009.36,45137.0437924473,77.637,3053.64271393108,620.29,28064.9951585717
"HUD2014007","CLS","L3_13",2014,5,12,"Spring","104",3300.99755859375,NA,51191.0055501176,NA,3255.23068974639,NA,30432.8187910505
"HUD2014007","CLS","L3_17.5",2014,5,11,"Spring","093",3583.8125,NA,57397.3373925781,NA,3668.84048925781,NA,33522.478828125
"HUD2014007","CLS","L3_19.5",2014,5,10,"Spring","091",3543.125,NA,56528.083125,NA,3669.837,NA,35389.87125
"HUD2014007","CLS","L3_19.5",2014,5,11,"Spring","091",3543.125,NA,57802.74375,NA,3669.9278125,NA,30239.25625
"HUD2015006","CLS","L3_11",2015,5,16,"Spring","184",2885.56518554688,1098.6875,42735.7487358929,85.3865,3013.18168542271,870.8675,29289.8838984738
"HUD2015006","CLS","L3_11.5",2015,5,16,"Spring","190",3006.31005859375,1242.35,45715.1868725586,93.1575,3035.38035620117,818.765,23713.870078125
"HUD2015006","CLS","L3_12",2015,5,15,"Spring","159",3102.75,1315.6375,46670.5645559211,96.62025,3209.62998245614,813.7975,30635.2228207237
"HUD2015006","CLS","L3_13",2015,5,9,"Spring","016",3300.99755859375,1309.26,50046.3568549195,92.79225,3330.03749861005,821.6775,32946.2049220498
"HUD2015006","CLS","L3_13.5",2015,5,14,"Spring","155",3491.62255859375,1233.2925,54507.8567504883,89.0225,3695.51972387695,805.1925,33685.3561108398
"HUD2015006","CLS","L3_14",2015,5,9,"Spring","023",3500.49755859375,1351.0075,53120.4592005571,99.3745,3678.565377153,826.415,35207.6361534345
"HUD2015006","CLS","L3_14",2015,5,9,"Spring","029",3500.49755859375,1345.4175,55593.4499975586,102.22425,3592.22691943359,831.515,29045.6166381836
"HUD2015006","CLS","L3_15",2015,5,14,"Spring","152",3537.2451171875,810.19,54679.4218400228,71.8295,3697.7577045778,708.025,35768.5362969446
"HUD2015006","CLS","L3_15.5",2015,5,14,"Spring","147",3568.62744140625,1158.2375,55240.4814160156,86.58325,3685.29722021484,770.38,29945.47609375
"HUD2015006","CLS","L3_16",2015,5,9,"Spring","044",3559.6201171875,1107.7,53936.7267304892,81.11125,3719.67647273827,726.745,35186.2376849309
"HUD2015006","CLS","L3_17",2015,5,10,"Spring","055",3649.18994140625,895.1875,54474.8126377549,71.1795,3804.22657377627,712.085,36202.0231317061
"HUD2015006","CLS","L3_18.1",2015,5,13,"Spring","141",3579.6826171875,637.3875,NA,55.6535,NA,636.0375,NA
"HUD2015006","CLS","L3_19",2015,5,10,"Spring","069",3546.43505859375,912.015,52138.8860518169,75.70325,3723.37489984511,718.8025,36662.3152012059
"HUD2015006","CLS","L3_19",2015,5,10,"Spring","076",3545.93505859375,871.465,51277.6132495117,73.33175,3580.76339599609,719.8475,28201.6778051758
"HUD2015006","CLS","L3_20",2015,5,10,"Spring","082",3488.0048828125,1027.6775,NA,87.3195,NA,654.955,NA
"HUD2015006","CLS","L3_21",2015,5,11,"Spring","091",3331.5517578125,409.2775,49568.0952559601,48.43875,3466.73955698746,529.4075,33751.5297411246
"HUD2015006","CLS","L3_22",2015,5,13,"Spring","134",3160.59497070312,724.0575,47615.7542382813,NA,3070.99062426758,649.745,26789.2591357422
"HUD2015006","CLS","L3_23",2015,5,11,"Spring","104",3032.50390625,530.905,43987.7061328125,53.88975,2962.66019726562,583.3925,22562.962578125
"HUD2015006","CLS","L3_23",2015,5,12,"Spring","131",3023.15405273438,448.11,45446.0202637182,43,3012.38907142039,590.76,30099.2269980228
"HUD2015006","CLS","L3_16.5",2015,5,14,"Spring","145",3554.4375,NA,53695.535701087,NA,3694.96354276919,NA,35435.6346265993
"HUD2015006","CLS","L3_18.1",2015,5,13,"Spring","141",3574.1826171875,NA,55505.9497892622,NA,3647.40908910181,NA,35101.8765736527
"HUD2015006","CLS","L3_20",2015,5,10,"Spring","082",3492.69506835938,NA,50732.8358464532,NA,3615.03299130891,NA,33353.6113560432
"HUD2015006","CLS","L3_22",2015,5,12,"Spring","134",3160.59497070312,NA,49530.8519220259,NA,3283.63792463841,NA,34409.8022665662
"HUD2016006","CLS","L3_11.25",2016,5,14,"Spring","223",2947.88500976562,1080.1325,41941.7259425094,84.87325,3058.63483883996,737.595,29189.1472390683
"HUD2016006","CLS","L3_12",2016,5,8,"Spring","059",3102.75,1279.8125,44833.2678536184,94.59025,3164.23173108553,760.1225,28870.3389309211
"HUD2016006","CLS","L3_13.5",2016,5,8,"Spring","069",3491.62255859375,1250.1425,47969.6585913086,91.966,3516.88909326172,797.7125,28419.9345410156
"HUD2016006","CLS","L3_14",2016,5,8,"Spring","077",3491.12744140625,1298.435,49492.8471915863,91.90325,3598.81519042054,802.7375,35517.7972826882
"HUD2016006","CLS","L3_15",2016,5,9,"Spring","085",3513.375,1312.255,52335.8464572483,94.02675,3649.71900184462,804.235,34604.9284543186
"HUD2016006","CLS","L3_15.5",2016,5,9,"Spring","087",3558.87744140625,1311.8275,50890.2371630859,94.825,3622.40411987305,803.25,28966.6985717773
"HUD2016006","CLS","L3_16",2016,5,14,"Spring","203",3566.25,1261.5125,53610.7035763889,90.89325,3743.47928819444,799.3225,35186.1081597222
"HUD2016006","CLS","L3_17",2016,5,13,"Spring","191",3649.625,1161.5975,53216.4686535395,86.85,3821.60361997768,805.9075,36644.6186053093
"HUD2016006","CLS","L3_18",2016,5,13,"Spring","180",3584.5625,1346.935,52809.636827828,93.9295,3735.37626450195,914.4925,36648.6332669678
"HUD2016006","CLS","L3_18.5",2016,5,13,"Spring","171",3558.87744140625,1188.5775,52067.2267675781,90.6925,3591.85797290039,795.6725,28460.4956811523
"HUD2016006","CLS","L3_19",2016,5,13,"Spring","165",3552.06494140625,1114.8275,NA,86.27425,NA,778.4375,NA
"HUD2016006","CLS","L3_20",2016,5,10,"Spring","094",3484.2548828125,1169.295,52685.9785069683,86.8085,3556.97176468406,692.365,32802.3823575012
"HUD2016006","CLS","L3_20.5",2016,5,10,"Spring","099",3435.36010742188,1169.3275,50100.3756140137,88.45375,3383.35032897949,712.475,25721.5007287598
"HUD2016006","CLS","L3_21",2016,5,10,"Spring","106",3330.52172851562,955.3175,49526.658171014,77.45925,3412.16163369697,655.835,31985.0751268545
"HUD2016006","CLS","L3_22",2016,5,11,"Spring","108",3160.86499023438,1044.375,NA,81.5275,NA,699.155,NA
"HUD2016006","CLS","L3_23",2016,5,11,"Spring","110",3034.28393554688,971.66,43907.2519124871,79.657,3127.72560517105,696.2825,30721.3418430879
"HUD2016006","CLS","L3_23.5",2016,5,12,"Spring","144",2891.99853515625,1171.8475,39281.214375,90.3855,2866.95349487305,730.0325,22054.9034716797
"HUD2016006","CLS","L3_12.5",2016,5,14,"Spring","219",3151.4326171875,NA,46374.2945750467,NA,3310.09730600821,NA,32189.3849054025
"HUD2016006","CLS","L3_13",2016,5,8,"Spring","062",3300.99755859375,NA,46461.4137133804,89.32,3353.72789892573,756.685,31685.5623535214
"HUD2016006","CLS","L3_16.5",2016,5,14,"Spring","196",3552.87744140625,NA,52142.0774731445,NA,3819.96224902344,NA,34883.4808520508
"HUD2016006","CLS","L3_19",2016,5,13,"Spring","165",3546.43505859375,NA,52641.4537584165,NA,3684.53727643656,NA,35111.4545765179
"HUD2016006","CLS","L3_21.5",2016,5,12,"Spring","150",3245.30541992188,NA,44692.9821404827,NA,3331.7454920693,NA,31947.3830760369
"HUD2016006","CLS","L3_22",2016,5,11,"Spring","108",3150.78515625,NA,46330.3251217732,NA,3231.57843506947,NA,30785.8717335072
"HUD2016006","CLS","L3_22.5",2016,5,12,"Spring","149",3136.52490234375,NA,43443.5830360934,NA,3198.05894875435,NA,30853.4792743439
"HUD2018008","CLS","L3_11",2018,5,4,"Spring","054",2871.43359375,1484.8275,45528.8515635063,97.19525,2859.71007644871,857.0925,28049.7185318331
"HUD2018008","CLS","L3_12",2018,5,3,"Spring","051",3087.81005859375,1409.59,49360.2262062668,112.90775,3101.24031069875,849.035,30488.5331015659
"HUD2018008","CLS","L3_12.5",2018,5,3,"Spring","048",3170.9326171875,1220.525,NA,98.21475,NA,860.2225,NA
"HUD2018008","CLS","L3_13",2018,5,3,"Spring","045",3318.1875,1408.1125,52339.7654665799,93.5135,3305.78137172929,848.15,33074.5978444321
"HUD2018008","CLS","L3_14",2018,5,5,"Spring","083",3491.12744140625,1532.47,NA,97.1135,NA,847.32,NA
"HUD2018008","CLS","L3_15",2018,5,6,"Spring","091",3513.375,1381.4975,59199.72375,93.038,3577.0666875,796.1825,34470.21125
"HUD2018008","CLS","L3_16",2018,5,6,"Spring","100",3559.6201171875,1396.745,58800.8717036019,99.6,3720.97779618175,806.3825,35841.2386253975
"HUD2018008","CLS","L3_17",2018,5,6,"Spring","108",3647.25,996.0525,NA,82.488,NA,661.43,NA
"HUD2018008","CLS","L3_17",2018,5,6,"Spring","109",3647.25,905.0725,59834.219054878,71.90525,3682.81520693598,641.78,35717.3431040396
"HUD2018008","CLS","L3_18",2018,5,6,"Spring","118",3575.4326171875,1243.695,NA,87.25575,NA,737.3625,NA
"HUD2018008","CLS","L3_19",2018,5,7,"Spring","122",3546.43505859375,1259.86,57026.7679886082,89.262,3657.1101496582,756.31,35330.279893174
"HUD2018008","CLS","L3_20",2018,5,9,"Spring","180",3495.69506835938,1237.5075,NA,85.155,NA,755.845,NA
"HUD2018008","CLS","L3_20.6",2018,5,7,"Spring","129",3341.30249023438,1201.905,NA,85.234,NA,736.0425,NA
"HUD2018008","CLS","L3_21",2018,5,7,"Spring","133",3332.60546875,1069.98,53457.6138752437,80.6675,3495.52446642017,694.74,32688.3665363083
"HUD2018008","CLS","L3_22",2018,5,7,"Spring","141",3179.29418945312,1218.4975,NA,89.33775,NA,693.6075,NA
"HUD2018008","CLS","L3_23",2018,5,8,"Spring","148",3032.50390625,1135.1575,47886.5489522035,91.2395,3336.2213666008,661.745,29692.2913777799
"HUD2018008","CLS","L3_Bio_24",2018,5,9,"Spring","177",3109.86499023438,1158.3925,NA,82.5,NA,690.35,NA
"HUD2018008","CLS","L3_14",2018,5,5,"Spring","083",3500.49755859375,NA,58094.2722023579,NA,3587.45169401471,NA,37511.1178388424
"HUD2018008","CLS","L3_15",2018,5,5,"Spring","091",3520.875,NA,59286.5985391695,NA,3606.4126875,NA,41794.6529382491
"HUD2018008","CLS","L3_18",2018,5,6,"Spring","118",3573.0625,NA,58128.1331417236,NA,3689.57780463867,NA,34913.853467041
"HUD2018008","CLS","L3_20",2018,5,9,"Spring","180",3484.2548828125,NA,56151.553074021,NA,3543.29196496016,NA,34775.2461176421
"HUD2018008","CLS","L3_22",2018,5,7,"Spring","141",3160.86499023438,NA,50073.0590893376,NA,3308.00746481071,NA,30677.3978570423
"AMU2019001","CLS","L3_11",2019,6,11,"Spring","050",2889.18359375,1033.46,45220.2604394531,77.47075,2997.88933007812,650.26,24350.1869042969
"AMU2019001","CLS","L3_11",2019,6,11,"Spring","054",2922.62353515625,970.9875,45520.2484188415,73.271,3008.56294329883,607.1025,28519.585908897
"AMU2019001","CLS","L3_12",2019,6,11,"Spring","064",3087.81005859375,1233.9575,48402.9069817588,84.511375,3176.40402463059,783.8425,30204.5559292427
"AMU2019001","CLS","L3_13",2019,6,12,"Spring","076",3285.9375,1162.465,NA,82.74625,NA,660.79375,NA
"AMU2019001","CLS","L3_14",2019,6,12,"Spring","091",3500.49755859375,1221.70875,55123.6026072172,84.938875,3631.50852388259,707.1275,35842.5391414927
"AMU2019001","CLS","L3_14.5",2019,6,12,"Spring","099",3516.50244140625,1119.13625,54721.7953613281,79.265375,3600.99057324219,650.3475,29882.9001123047
"AMU2019001","CLS","L3_15",2019,6,12,"Spring","100",3548.31494140625,933.005,55953.8792467783,67.01,3677.66443693561,518.29,36454.2493722163
"AMU2019001","CLS","L3_16",2019,6,13,"Spring","106",3559,1042.745,56537.925,75.17175,3703.40325,607.0075,36673.72875
"AMU2019001","CLS","L3_17",2019,6,13,"Spring","113",3602.18994140625,1145.95,56377.8584398517,81.15025,3717.21008541267,653.4625,35597.380916748
"AMU2019001","CLS","L3_18",2019,6,14,"Spring","130",3606.6826171875,942.61125,NA,71.215125,NA,649.7125,NA
"AMU2019001","CLS","L3_18.5",2019,6,14,"Spring","137",3585.4375,853.5125,52960.64875,64.228875,3508.108234375,576.76875,26312.373125
"AMU2019001","CLS","L3_19",2019,6,14,"Spring","143",3552.68505859375,928.0125,NA,68.06425,NA,595.95,NA
"AMU2019001","CLS","L3_20",2019,6,15,"Spring","159",3484.2548828125,971.4525,54319.465347987,75.574125,3548.54083673965,675.635,33786.1210023711
"AMU2019001","CLS","L3_21",2019,6,15,"Spring","173",3330.4716796875,782.74625,51936.9085457293,59.18575,3419.6093852912,524.10375,31714.8129625464
"AMU2019001","CLS","L3_22",2019,6,15,"Spring","181",3161.46508789062,594.665,NA,50.780125,NA,567.83875,NA
"AMU2019001","CLS","L3_22",2019,6,15,"Spring","184",3180.42431640625,593.87375,NA,48.0415,NA,569.2,NA
"AMU2019001","CLS","L3_23",2019,6,17,"Spring","226",3023.15405273438,1336.205,46778.6037245313,90.9355,3090.64582895999,723.115,29597.3778058836
"AMU2019001","CLS","L3_23.5",2019,6,16,"Spring","200",2868.05859375,1028.53875,42830.9602636719,75.84875,2890.37748046875,688.70375,22185.1597753906
"AMU2019001","CLS","L3_13",2019,6,12,"Spring","076",3300.99755859375,NA,52061.555621499,NA,3421.48242654101,NA,33129.3503714382
"AMU2019001","CLS","L3_16",2019,6,12,"Spring","106",3559.6201171875,NA,55664.7422241164,NA,3690.31058749275,NA,47568.9629341344
"AMU2019001","CLS","L3_18",2019,6,14,"Spring","130",3594.87255859375,NA,56150.6966504078,NA,3713.98138498466,NA,35117.4225193242
"AMU2019001","CLS","L3_19",2019,6,14,"Spring","143",3549.2451171875,NA,54905.2396526315,NA,3629.04396025766,NA,33620.1341624237
"AMU2019001","CLS","L3_22",2019,6,15,"Spring","181",3160.86499023438,NA,48695.4052441406,NA,3210.18160473633,NA,24845.682845459
"AMU2019001","CLS","L3_22",2019,6,15,"Spring","184",3161.46508789062,NA,49004.190636233,NA,3189.82160687884,NA,30223.0001775285
"AT4805","CLS","AR7W_12.5",2022,5,11,"Spring","045",3170.9326171875,1227.255,47352.1481201172,87.6255,3162.15459570312,750.7925,26007.4017675781
"AT4805","CLS","L3_11",2022,5,11,"Spring","040",2889.18359375,1217.9625,44515.6240556971,85.03175,2955.04693622716,712.5175,28078.7891692268
"AT4805","CLS","L3_12",2022,5,19,"Spring","156",3087.81005859375,1102.595,48002.3017532361,78.3175,3200.27732161825,536.105,31165.0476035169
"AT4805","CLS","L3_13",2022,5,11,"Spring","050",3295.3076171875,1234.275,51448.8829035748,84.61275,3381.33911110576,711.4575,32238.0450512804
"AT4805","CLS","L3_14",2022,5,19,"Spring","153",3485.25244140625,1220.215,54102.9328055608,85.6855,3578.14495952407,647.2825,33732.4556027892
"AT4805","CLS","L3_15",2022,5,12,"Spring","054",3520.875,1219.135,55626.5204589844,85.26225,3670.91724651228,724.0375,36844.9800523158
"AT4805","CLS","L3_16",2022,5,18,"Spring","138",3559.6201171875,811.52,52848.245390625,67.936,3560.94141064453,674.845,28241.5482568359
"AT4805","CLS","L3_16",2022,5,18,"Spring","139",3562.56005859375,430.9725,NA,48.18225,NA,582.6575,NA
"AT4805","CLS","L3_17",2022,5,12,"Spring","064",3564.18994140625,726.94,NA,66.59725,NA,673.625,NA
"AT4805","CLS","L3_18",2022,5,18,"Spring","129",3574.1826171875,723.7275,56097.9176171875,61.87525,3705.75102001953,644.79,30805.8306640625
"AT4805","CLS","L3_19",2022,5,14,"Spring","071",3546.43505859375,536.1175,55297.2691051651,53.52325,3662.52509285386,611.7425,35652.7360392062
"AT4805","CLS","L3_20",2022,5,17,"Spring","124",3495.69506835938,340.6275,54767.5864779253,NA,3600.20973535156,580.2025,34915.6295720288
"AT4805","CLS","L3_20.5",2022,5,14,"Spring","074",3433.71997070312,579.9575,50817.2656530762,56.262,3377.68619030762,559.3075,26438.4979675293
"AT4805","CLS","L3_21",2022,5,14,"Spring","080",3330.83178710938,440.2375,51368.2564822469,51.572,3428.65662417684,540.4075,33206.9577520297
"AT4805","CLS","L3_22",2022,5,17,"Spring","115",3160.86499023438,638.6475,48870.2675162824,59.57375,3211.04138667104,598.66,30403.697610413
"AT4805","CLS","L3_23",2022,5,15,"Spring","084",3019.69409179688,976.3975,NA,72.184,NA,671.5625,NA
"AT4805","CLS","L3_16",2022,5,18,"Spring","139",3559.6201171875,NA,54816.9704885481,NA,3673.04466565651,NA,35566.8984703965
"AT4805","CLS","L3_17",2022,5,12,"Spring","064",3586.25,NA,54810.6237263257,NA,3832.17346590909,NA,35377.3074526515
"AT4805","CLS","L3_18",2022,5,17,"Spring","129",3579.6826171875,NA,56688.5834631945,NA,3729.49641000035,NA,36914.761815482
"AT4805","CLS","L3_23",2022,5,15,"Spring","084",3034.28393554688,NA,46843.5516967436,NA,3094.83795129057,NA,30346.8044213843
"CAR2023573","CLS","AR7W_11",2023,5,26,"Spring","006",2873.41357421875,1162.6,43613.6516881417,78.008,2760.54989032507,727.05,27289.6541964041
"CAR2023573","CLS","AR7W_12",2023,5,27,"Spring","010",3102.75,932.2525,47485.3363734879,66.1995,2978.77248790323,652.79,29749.2502444556
"CAR2023573","CLS","AR7W_13",2023,5,27,"Spring","014",3325.74755859375,956.6875,NA,72.35625,NA,634.2925,NA
"CAR2023573","CLS","AR7W_14",2023,5,28,"Spring","018",3468.49755859375,1018.95,52819.4064868164,70.692,3385.11554150391,657.855,28641.3815405273
"CAR2023573","CLS","AR7W_15",2023,5,28,"Spring","023",3520.875,1034.0825,54335.698125,69.531,3484.72136827257,704.73,34985.27125
"CAR2023573","CLS","AR7W_16",2023,5,28,"Spring","027",3553.6201171875,987.84,51483.8887646484,73.74175,3439.57883886719,688.4675,34300.1990527344
"CAR2023573","CLS","AR7W_18",2023,5,29,"Spring","035",3579.5625,1033.1275,50592.8626768663,75.642,3504.12745648872,660.9,34818.0824598524
"CAR2023573","CLS","AR7W_19",2023,5,30,"Spring","040",3546.43505859375,720.68,NA,54.4,NA,615,NA
"CAR2023573","CLS","AR7W_20",2023,5,30,"Spring","044",3490.2451171875,726.26,NA,56.91925,NA,589.4475,NA
"CAR2023573","CLS","AR7W_21",2023,5,31,"Spring","048",3332.3955078125,798.525,51208.5016512553,NA,3272.94185571706,544.87,31586.7284322316
"CAR2023573","CLS","AR7W_22",2023,5,31,"Spring","052",3150.18505859375,1018.9275,NA,72.64075,NA,683.88,NA
"CAR2023573","CLS","AR7W_23",2023,6,2,"Spring","082",3027.1640625,220.95,NA,29.633,NA,343.3325,NA
"CAR2023573","CLS","AR7W_13",2023,5,27,"Spring","014",3300.99755859375,NA,49753.5322477263,NA,NA,NA,32242.0588827522
"CAR2023573","CLS","AR7W_14",2023,5,27,"Spring","018",3491.12744140625,NA,54285.6762304687,NA,3606.01393164062,NA,35774.3206738281
"CAR2023573","CLS","AR7W_17",2023,5,29,"Spring","031",3648.7451171875,NA,50990.8907344153,NA,3535.08207720305,NA,36218.165730373
"CAR2023573","CLS","AR7W_19",2023,5,30,"Spring","040",3545.18505859375,NA,50293.1088419873,NA,3532.88893870826,NA,33981.8331267398
"CAR2023573","CLS","AR7W_20",2023,5,30,"Spring","044",3497.625,NA,49809.926875,NA,3555.0475,NA,34396.30125
"CAR2023573","CLS","AR7W_22",2023,5,31,"Spring","052",3161.46508789062,NA,48800.9422445299,NA,3095.42239131984,NA,29828.5178274238
"CAR2023573","CLS","AR7W_23",2023,6,2,"Spring","082",3032.50390625,NA,47126.1542878312,NA,2978.92711634032,NA,29875.4510564788
"CAR2023573","CLS","AR7W_13",2023,5,27,"Spring","014",3277.99755859375,NA,NA,NA,3246.86141381836,NA,NA
"97009","GS","16_4",1997,5,21,"Spring","97009043",154.280853271484,NA,NA,NA,NA,NA,NA
"97009","GS","17_1",1997,5,21,"Spring","97009045",154.280853271484,874.605,NA,71.995,NA,560.97,NA
"97009","GS","45_5",1997,5,21,"Spring","97009133",1117.56201171875,1088.74,NA,77.709,NA,613.3425,NA
"HUD2000009","GS","AR7W-24",2000,6,1,"Spring","2000009093",2829.75390625,324.906,41713.1786655613,50.9995,3134.61070048108,553.319,27154.2239240931
"HUD2000009","GS","AR7W-24.5",2000,6,1,"Spring","2000009095",2828.30639648438,431.237,40611.0297228,51.3025,2957.18700314244,580.24425,27090.9216248334
"HUD2001022","GS","107_1",2001,6,8,"Spring","107",2747.68188476562,848.24925,43149.3228820819,68.3885,2793.16332887372,542.3225,26625.2843923079
"HUD2001022","GS","108_1",2001,6,8,"Spring","108",139.011642456055,405.8555,314.099882698059,45.336,28.2216037750244,221.13575,167.117924728394
"HUD2001022","GS","111_1",2001,6,8,"Spring","111",165.887725830078,884.9885,NA,70.514,NA,518.9405,NA
"HUD2001022","GS","119_1",2001,6,8,"Spring","119",776.151000976562,939.083,10246.4480408325,74.562,688.30319354248,545.296,5497.36453527832
"HUD2001022","GS","133_1",2001,6,8,"Spring","133",2852.99389648438,759.34175,43303.7231812527,74.7935,3117.79877590972,614.8375,28453.5432451282
"HUD2001022","GS","Site 24",2001,6,8,"Spring","2001022133",2829.75390625,755.06475,NA,74.54075,NA,613.8895,NA
"HUD2001022","GS","Site 25",2001,6,8,"Spring","2001022107",2755.84204101562,830.793,NA,65.1685,NA,519.982,NA
"HUD2001022","GS","Site 26",2001,6,8,"Spring","2001022119",1367.55102539062,912.355,NA,73.34,NA,530.775,NA
"HUD2001022","GS","Site 27",2001,6,8,"Spring","2001022111",174.187728881836,879.725,NA,70.1225,NA,518.7575,NA
"HUD2001022","GS","Site 28",2001,6,8,"Spring","2001022108",139.011642456055,396.30225,NA,44.01125,NA,204.6715,NA
"HUD2004016","GS","L3 24",2004,5,26,"Spring","254",2813.75634765625,972.3235,43520.765207152,73.9825,2875.37027354929,709.012,28223.164595519
"HUD2004016","GS","L3 25",2004,5,27,"Spring","266",2737.1220703125,1080.7935,42205.4462851293,74.01475,2713.80568877095,610.80875,25962.6629390181
"HUD2004016","GS","L3 26",2004,5,26,"Spring","257",647.621032714844,812.99225,8321.5481296303,61.71525,538.218132262809,477.407,4321.52777288526
"HUD2004016","GS","L3 27",2004,5,26,"Spring","262",174.187728881836,620.61325,NA,51.92475,NA,405.97075,NA
"HUD2004016","GS","L3 28",2004,5,26,"Spring","260",140.042205810547,202.09375,NA,30.30525,NA,181.141,NA
"HUD2005016","GS","13_1",2005,5,29,"Spring","18HU05016013",2762.26196289062,493.879,42683.6328337329,50.8775,3032.18599593902,221.5565,27526.7250069529
"HUD2005016","GS","16_1",2005,5,29,"Spring","18HU05016016",144.33219909668,574.62,428.509026260376,63.58225,40.0463901824951,290.462,239.748532714844
"HUD2005016","GS","19_1",2005,5,29,"Spring","18HU05016019",146.657730102539,586.6675,515.772857757568,58.2525,42.3407055282593,208.2,249.347822982788
"HUD2005016","GS","25_1",2005,5,30,"Spring","18HU05016025",647.621032714844,818.1645,8180.61496313477,68.68125,594.642201477051,338.4415,4164.04905126953
"HUD2005016","GS","29_1",2005,5,30,"Spring","18HU05016029",2872.86401367188,955.116,44222.2202358752,90.024,3300.1790397728,579.2495,29102.5231631327
"HUD2006019","GS","190_1",2006,5,30,"Spring","18HU06019190",2755.84204101562,669.0695,41933.8812717285,60.29275,2763.2086697998,347.66075,22167.8954355469
"HUD2006019","GS","191_1",2006,5,30,"Spring","18HU06019191",2755.84204101562,694.15725,42969.9622046929,62.099,2896.83727564359,360.7495,27555.7971636451
"HUD2006019","GS","194_1",2006,5,30,"Spring","18HU06019194",174.187728881836,728.9935,680.609741241455,62.34475,55.0253273391724,321.1445,313.93766734314
"HUD2006019","GS","196_1",2006,5,30,"Spring","18HU06019196",144.33219909668,855.127,NA,67.7725,NA,378.9545,NA
"HUD2006019","GS","204_1",2006,5,31,"Spring","18HU06019204",647.621032714844,862.40975,7691.24858039336,71.65725,532.56129398295,368.823,3819.06320770743
"HUD2006019","GS","211_1",2006,5,31,"Spring","18HU06019211",2852.99389648438,549.8915,41598.3577606201,52.124,2947.58296008301,263.06975,21200.0164754639
"HUD2006019","GS","212_1",2006,5,31,"Spring","18HU06019212",2852.99389648438,553.63725,43711.972692858,49.84725,2960.97760559598,246.69325,27989.8361815052
"HUD2007011","GS","172_1",2007,5,17,"Spring","18HU07011172",2829.75390625,1145.1635,43637.6387789365,82.15675,2797.06723622481,630.886,26436.1154296707
"HUD2007011","GS","175_1",2007,5,17,"Spring","18HU07011175",165.887725830078,795.9225,654.857901260376,66.8015,51.204563873291,480.02925,352.263608642578
"HUD2007011","GS","182_1",2007,5,17,"Spring","18HU07011182",2846.39404296875,NA,45071.5156315775,NA,2797.40354520278,NA,27888.3298420155
"HUD2007011","GS","182_1",2007,5,18,"Spring","18HU07011182",2846.39404296875,965.147,NA,70.931,NA,620.984,NA
"HUD2008009","GS","37_1",2008,5,23,"Spring","18HU08009037",2852.99389648438,1383.9445,42823.8175140381,91.58975,2830.36672253418,766.54475,21741.4163035889
"HUD2008009","GS","38_1",2008,5,23,"Spring","18HU08009038",2829.75390625,1304.4865,44733.576698032,86.1805,2875.80610840979,754.1055,27855.8873026733
"HUD2008009","GS","45_1",2008,5,23,"Spring","18HU08009045",2762.14208984375,1172.698,43059.0346220703,86.129,2800.92231298828,678.67125,25490.5412927246
"HUD2009015","GS","36_1",2009,5,21,"Spring","18HU09015036",2815.23388671875,848.0895,43214.1096773245,58.05,2697.26919814952,332.03225,26953.1120867694
"HUD2009015","GS","39_1",2009,5,21,"Spring","18HU09015039",647.621032714844,450.714,8185.40326676762,33.42475,511.337378214742,191.8865,4183.20942397166
"HUD2009015","GS","43_1",2009,5,21,"Spring","18HU09015043",144.882202148438,193.54725,456.758775085449,20.266,31.2734121704102,94.095,233.512876464844
"HUD2009015","GS","45_1",2009,5,21,"Spring","18HU09015045",174.187728881836,646.238,865.195168762207,48.605,58.306022392273,319.34925,438.181512947083
"HUD2009015","GS","52_1",2009,5,21,"Spring","18HU09015052",2755.84204101562,259.5795,42382.849712669,25.0835,2632.05334541187,78.8165,26376.0001152021
"HUD2010014","GS","103_1",2010,5,19,"Spring","18HU10014103",2852.99389648438,1336.288,44724.9512998249,94.333,3083.85296313438,737.324,29254.13990252
"HUD2010014","GS","73_1",2010,5,18,"Spring","18HU10014073",144.33219909668,383.126,326.662849243164,41.37475,31.1795274581909,261.64675,184.27024131012
"HUD2010014","GS","79_1",2010,5,18,"Spring","18HU10014079",174.187728881836,544.3425,651.436274230957,55.738,58.8644321899414,360.908,375.90584312439
"HUD2010014","GS","85_1",2010,5,18,"Spring","18HU10014085",1615.89196777344,1034.49175,23664.5281721878,83.6585,1711.06338753227,574.0355,12926.8998422881
"HUD2010014","GS","98_1",2010,5,19,"Spring","18HU10014098",2820.30200195312,1192.222,43331.2773279665,89.214,3029.70149777314,693.8455,27560.2077624887
"HUD2011009","GS","193_1",2011,5,16,"Spring","18HU11009193",144.33219909668,226.6275,334.66677948761,29.3895,29.2430836029053,195.5925,199.889510993958
"HUD2011009","GS","196_1",2011,5,16,"Spring","18HU11009196",174.187728881836,317.9125,742.858101478577,38.3,57.4270352096558,301.414,426.416269340515
"HUD2011009","GS","199_1",2011,5,17,"Spring","18HU11009199",776.151000976562,440.6605,9002.41076678467,47.44825,653.150822998047,445.64925,4895.08783001709
"HUD2011009","GS","204_1",2011,5,17,"Spring","18HU11009204",2755.84204101562,346.485,41652.6503818359,45.3145,2812.97752062988,443.816,25318.610802124
"HUD2011009","GS","215_1",2011,5,17,"Spring","18HU11009215",2852.99389648438,630.43475,43733.3533974609,58.769,2974.46391430664,556.884,28484.2749898682
"MLB2012001","GS","L3_24",2012,6,10,"Spring","18MF12001104",2852.99389648438,886.09025,44635.8979858031,75.9375,3133.86851708441,661.16775,29475.9709149496
"MLB2012001","GS","L3_27",2012,6,10,"Spring","18MF12001115",146.657730102539,645.2925,461.522695350647,67.81575,39.5482149124146,504.32625,299.793121002197
"MLB2012001","GS","L3_28",2012,6,10,"Spring","18MF12001112",144.882202148438,369.981,365.53933380127,50.048,35.5792447509766,346.2655,261.213953613281
"MLB2012001","GS","L3_29",2012,6,10,"Spring","18MF12001113",159.411651611328,371.334,555.125341339111,49.377,50.9101951599121,330.4565,369.38309463501
"MLB2012001","GS","L3_30",2012,6,10,"Spring","18MF12001114",155.891647338867,442.1775,530.554912834168,55.5125,46.8823415374756,407.5005,350.234310951233
"HUD2013008","GS","L3_25",2013,5,17,"Spring","159",2748.82202148438,666.8875,40890.0722974668,63.87775,2878.96242527675,332.6225,25276.0526620634
"HUD2013008","GS","L3_26",2013,5,16,"Spring","151",1068.95104980469,270.2875,14464.3067272949,41.24225,1016.36565130615,117.7875,7521.35359130859
"HUD2013008","GS","L3_27",2013,5,16,"Spring","150",146.657730102539,598.63,562.579023513794,35.75775,NA,322.0225,290.92829750061
"HUD2013008","GS","L3_28",2013,5,16,"Spring","147",126.642204284668,324.3275,294.834201431274,NA,NA,197.6225,163.299189414978
"HUD2014007","GS","L3_24",2014,5,10,"Spring","081",2829.75390625,1065.895,42466.1006920509,77.819,2822.78438261566,614.62,25167.0624157753
"HUD2014007","GS","L3_25",2014,5,9,"Spring","077",2748.82202148438,NA,40959.2852037849,NA,2768.635441447,NA,23817.7174995101
"HUD2014007","GS","L3_25",2014,5,10,"Spring","077",2748.82202148438,1041.76,NA,79.2745,NA,597.9225,NA
"HUD2014007","GS","L3_26",2014,5,9,"Spring","073",1367.55102539062,943.8275,17991.289465332,74.7335,1230.02205627441,586.3225,9366.48779907227
"HUD2014007","GS","L3_27",2014,5,9,"Spring","062",146.657730102539,746.315,408.154870300293,66.1165,34.0367336807251,535.585,255.484226913452
"HUD2014007","GS","L3_27.5",2014,5,9,"Spring","067",139.317718505859,694.745,337.787562408447,63.723,28.1423693389893,531.6,216.343571929932
"HUD2014007","GS","L3_28",2014,5,9,"Spring","065",144.33219909668,547.3975,394.4065209198,52.366,31.9141816482544,436.235,243.815417022705
"HUD2015006","GS","L3_24",2015,5,12,"Spring","125",2852.99389648438,641.755,43012.5649377787,54.27075,2882.24807903082,685.215,28224.2192482436
"HUD2015006","GS","L3_25",2015,5,12,"Spring","122",2755.84204101562,710.5825,41623.0205620451,58.55325,2762.25748046134,728.6825,29051.2531019287
"HUD2015006","GS","L3_26",2015,5,12,"Spring","119",1068.95104980469,850.2625,14611.5617443848,68.3205,985.991422241211,628.24,8052.50619628906
"HUD2015006","GS","L3_27",2015,5,12,"Spring","116",144.927719116211,1066.18,NA,79.9755,NA,636.035,NA
"HUD2015006","GS","L3_28",2015,5,11,"Spring","113",144.33219909668,740.825,430.417007980347,64.834,32.9258069152832,539.15,283.810989151001
"HUD2015006","GS","L3_27",2015,5,12,"Spring","116",174.187728881836,NA,824.695667877197,NA,61.0781570053101,NA,472.965210266113
"HUD2016006","GS","L3_24",2016,5,11,"Spring","111",2898.76391601562,1352.1825,NA,97.89775,NA,837.445,NA
"HUD2016006","GS","L3_25",2016,5,12,"Spring","135",2747.68188476562,1303.6775,NA,95.17275,NA,752.065,NA
"HUD2016006","GS","L3_26",2016,5,11,"Spring","130",647.621032714844,1201.87,NA,88.93,NA,735.165,NA
"HUD2016006","GS","L3_27",2016,5,11,"Spring","115",148.480850219727,826.5525,NA,71.91775,NA,594.0725,NA
"HUD2016006","GS","L3_28",2016,5,11,"Spring","126",144.33219909668,720.5375,366.341759109497,66.2385,31.9686646347046,534.885,276.523296661377
"HUD2016006","GS","L3_28.5",2016,5,11,"Spring","120",102.122200012207,577.9625,NA,57.81425,NA,466.7025,NA
"HUD2016006","GS","L3_24",2016,5,11,"Spring","111",2872.86401367188,NA,40625.801138394,NA,2943.67394938671,NA,29497.9787874976
"HUD2016006","GS","L3_25",2016,5,12,"Spring","135",2737.1220703125,NA,37730.0068166026,NA,2729.90475781127,NA,25299.666389743
"HUD2016006","GS","L3_26",2016,5,11,"Spring","130",1068.95104980469,NA,13449.1853094482,NA,951.567590026855,NA,7392.06720947266
"HUD2016006","GS","L3_27",2016,5,11,"Spring","115",154.280853271484,NA,586.353024902344,NA,44.4933688812256,NA,348.698631591797
"HUD2018008","GS","L3_24",2018,5,9,"Spring","176",2909.30395507812,1145.125,NA,83.065,NA,651.4975,NA
"HUD2018008","GS","L3_25",2018,5,8,"Spring","154",2762.26196289062,862.3475,NA,78.94925,NA,565.4075,NA
"HUD2018008","GS","L3_26",2018,5,9,"Spring","169",776.151000976562,1134.205,NA,77.14475,NA,630.6875,NA
"HUD2018008","GS","L3_27",2018,5,8,"Spring","158",165.887725830078,1052.0575,965.368955993652,73.2495,60.3212639007568,583.83,482.396162109375
"HUD2018008","GS","L3_28",2018,5,8,"Spring","160",145.602203369141,888.12,583.708313293457,66.08575,38.0550442199707,523.7575,314.997302398682
"HUD2018008","GS","L3_28.5",2018,5,8,"Spring","159",103.522201538086,729.025,NA,59.37525,NA,450.295,NA
"HUD2018008","GS","L3_24",2018,5,9,"Spring","176",2898.76391601562,NA,46171.8789580129,NA,2952.93366355613,NA,28828.6162607524
"HUD2018008","GS","L3_25",2018,5,8,"Spring","154",2755.84204101562,NA,42656.3090933374,NA,3036.77573074088,NA,25214.3324116899
"HUD2018008","GS","L3_26",2018,5,9,"Spring","169",1367.55102539062,NA,20169.8860009766,NA,1265.8895612793,NA,10577.4936169434
"AMU2019001","GS","L3_24",2019,6,16,"Spring","188",2872.86401367188,1345.27375,44473.6576734388,89.222,2901.06402460707,738.4225,27619.5054822722
"AMU2019001","GS","L3_25",2019,6,17,"Spring","222",2762.14208984375,1222.22625,NA,83.062375,NA,619.50625,NA
"AMU2019001","GS","L3_26",2019,6,17,"Spring","217",1002.33099365234,755.20875,13430.2042408692,65.315,895.276841554618,450.1125,6970.23408557911
"AMU2019001","GS","L3_27",2019,6,16,"Spring","202",174.187728881836,484.3375,646.91455078125,52.7775,55.1219221191406,297.37625,392.728113250732
"AMU2019001","GS","L3_28",2019,6,16,"Spring","210",144.882202148438,241.04,NA,36.113625,NA,145.95,NA
"AMU2019001","GS","L3_28.5",2019,6,16,"Spring","213",109.232200622559,187.39,51.9126920127869,31.630875,5.72242878723145,104.5475,34.3372693252563
"AMU2019001","GS","L3_25",2019,6,17,"Spring","222",2747.68188476562,NA,41940.883994833,NA,2759.90571645836,NA,24871.9113910681
"AMU2019001","GS","L3_28",2019,6,16,"Spring","210",140.372207641602,NA,251.993127593994,NA,25.874976524353,NA,164.397409744263
"AT4805","GS","L3_24",2022,5,16,"Spring","111",2829.75390625,1301.09,43784.4691326194,89.3335,2870.57163845234,782.785,26977.4466553116
"AT4805","GS","L3_25",2022,5,16,"Spring","105",2775.72192382812,1135.2325,NA,81.284,NA,733.39,NA
"AT4805","GS","L3_26",2022,5,16,"Spring","100",948.251037597656,1223.0925,NA,86.066,NA,705.41,NA
"AT4805","GS","L3_27",2022,5,15,"Spring","098",146.657730102539,568.415,NA,55.578,NA,514.7675,NA
"AT4805","GS","L3_28",2022,5,15,"Spring","088",140.042205810547,552.03,353.585388336182,57.0705,NA,511.38,250.076286315918
"AT4805","GS","L3_28.5",2022,5,15,"Spring","094",116.482200622559,480.225,137.140865929239,52.4945,11.890071392837,449.83,98.6559053852649
"AT4805","GS","L3_25",2022,5,16,"Spring","105",2762.14208984375,NA,42656.7169708826,NA,2813.2105650463,NA,25844.3391997961
"AT4805","GS","L3_26",2022,5,16,"Spring","100",911.77099609375,NA,12465.2077880859,NA,819.2183359375,NA,6505.73480224609
"AT4805","GS","L3_27",2022,5,15,"Spring","098",174.187728881836,NA,809.23411567688,NA,59.6420929031372,NA,496.068108596802
"CAR2023573","GS","AR7W_24",2023,6,1,"Spring","078",2808.13403320312,630.2725,43264.0374106318,52.02375,2703.79682384347,575.16,26661.9954047808
"CAR2023573","GS","AR7W_25",2023,5,31,"Spring","057",2737.1220703125,721.41,NA,57.7975,NA,664.42,NA
"CAR2023573","GS","AR7W_26",2023,6,1,"Spring","075",647.621032714844,1069.0925,8132.400776469,74.53175,522.509840247505,674.105,4174.85857242012
"CAR2023573","GS","AR7W_27",2023,6,1,"Spring","062",174.187728881836,723.855,NA,63.0775,NA,614.835,NA
"CAR2023573","GS","AR7W_28",2023,6,1,"Spring","070",140.372207641602,415.4,354.03234413147,NA,28.7433369064331,NA,262.165627593994
"CAR2023573","GS","AR7W_28.5",2023,6,1,"Spring","066",116.482200622559,369.735,139.187006263733,44.38025,11.5002637367249,472.59,104.579562950134
"CAR2023573","GS","AR7W_25",2023,5,31,"Spring","057",2720.48193359375,NA,41695.3902369547,NA,2621.88200614396,NA,25040.8614946701
"CAR2023573","GS","AR7W_27",2023,6,1,"Spring","062",165.887725830078,NA,690.048105010986,NA,50.2916611633301,NA,441.076078948975
"CAR2023573","GS","AR7W_28",2023,6,1,"Spring","070",140.042205810547,NA,NA,49.62925,NA,540.7575,NA
"97009","LAS","73_5",1997,5,27,"Spring","97009218",897.997497558594,651.251,NA,67.186,NA,519.088,NA
"97009","LAS","74_3",1997,5,27,"Spring","97009222",350.872497558594,735.9625,NA,94.4485,NA,1149.1325,NA
"97009","LAS","76_3",1997,5,28,"Spring","97009227",194.75,754.5135,NA,94.372,NA,1200.77,NA
"HUD2000009","LAS","AR7W-10",2000,5,24,"Spring","2000009016",2638.87255859375,1238.945,38069.761232666,100.491,2945.35178979492,810.845,25773.4952543945
"HUD2000009","LAS","AR7W-8",2000,5,24,"Spring","2000009026",897.997497558594,1172.366,11651.0204399327,102.333,893.26165143923,813.2245,6769.23405092876
"HUD2000009","LAS","L3-07",2000,6,5,"Spring","2000009136",430.497497558594,900.4175,4659.53166531372,103.2775,354.918466033936,994.659,2834.71874502564
"HUD2000009","LAS","L3-09",2000,6,4,"Spring","2000009134",1994.12878417969,877.88875,27948.9625478227,91.22625,2110.1354858814,849.69125,17525.3018700624
"HUD2001022","LAS","236_1",2001,6,11,"Spring","236",2109.80883789062,1177.951,33308.5054685059,83.28125,2154.18547119141,633.13825,20064.9211643066
"HUD2001022","LAS","48_1",2001,6,4,"Spring","48",150.869995117188,721.38975,484.912536804199,94.0705,54.3112047119141,1125.87225,598.78279309082
"HUD2001022","LAS","52_1",2001,6,4,"Spring","52",204.6875,723.022,1046.5208125,95.9305,106.64321875,1116.476,1177.89296875
"HUD2001022","LAS","54_1",2001,6,4,"Spring","54",148.744995117188,631.2475,NA,86.9215,NA,996.5925,NA
"HUD2001022","LAS","58_1",2001,6,4,"Spring","58",168.619995117188,887.878,933.116151000977,87.45075,70.9485745849609,888.326,709.171386962891
"HUD2001022","LAS","61_1",2001,6,4,"Spring","61",194.75,773.51975,1248.422875,92.48975,100.054,1026.50975,1030.11525
"HUD2001022","LAS","63_1",2001,6,4,"Spring","63",244.940002441406,733.33275,1733.88675610352,95.17675,142.516472625732,1017.623,1342.98814599609
"HUD2001022","LAS","65_1",2001,6,4,"Spring","65",350.872497558594,784.28575,3336.01830154737,84.73075,256.624112818895,727.17075,2299.89075252614
"HUD2001022","LAS","71_1",2001,6,5,"Spring","71",2711.00244140625,1062.1555,39548.8103706055,83.54375,3036.82327441406,687.32625,28919.6719924316
"HUD2001022","LAS","Site 1",2001,6,4,"Spring","2001022048",150.869995117188,695.475,NA,93.25,NA,1115.875,NA
"HUD2001022","LAS","Site 10",2001,6,5,"Spring","2001022071",2711.00244140625,990.1435,NA,76.6405,NA,651.101,NA
"HUD2001022","LAS","Site 2",2001,6,4,"Spring","2001022052",204.6875,692.99375,NA,94.51575,NA,1094.899,NA
"HUD2001022","LAS","Site 3",2001,6,4,"Spring","2001022054",148.744995117188,589.885,NA,86.895,NA,993.16,NA
"HUD2001022","LAS","Site 4",2001,6,4,"Spring","2001022058",168.619995117188,NA,NA,NA,NA,NA,NA
"HUD2001022","LAS","Site 5",2001,6,4,"Spring","2001022061",194.75,NA,NA,NA,NA,NA,NA
"HUD2001022","LAS","Site 6",2001,6,4,"Spring","2001022063",244.940002441406,NA,NA,NA,NA,NA,NA
"HUD2001022","LAS","Site 7",2001,6,4,"Spring","2001022065",350.872497558594,NA,NA,NA,NA,NA,NA
"HUD2001022","LAS","Site 9",2001,6,11,"Spring","2001022236",2109.80883789062,1174.01325,NA,83.46375,NA,631.45575,NA
"HUD2001022","LAS","234_1",2001,6,11,"Spring","234",1591.4375,NA,25247.3473125,NA,1622.60765625,NA,15232.06771875
"HUD2004016","LAS","L3 10",2004,5,21,"Spring","73",2754.37255859375,1451.5,40987.9236616211,97.334,2788.81569628906,788.522,25744.0902854004
"HUD2004016","LAS","L3 3",2004,5,20,"Spring","36",149.875,772.47225,565.91125,85.37025,46.749,926.79225,524.0324375
"HUD2004016","LAS","L3 4",2004,5,20,"Spring","40",168.619995117188,759.7705,788.54738861084,107.534,64.8125653076172,902.87925,689.577979919434
"HUD2004016","LAS","L3 5",2004,5,20,"Spring","44",194.75,822.67925,1044.285125,89.2735,89.25425,953.2225,935.752875
"HUD2004016","LAS","L3 6",2004,5,20,"Spring","48",244.940002441406,1013.73975,1877.57954421997,92.006,132.92232232666,998.44275,1316.69459182739
"HUD2004016","LAS","L3 7",2004,5,20,"Spring","53",367.252502441406,1398.01525,3887.85096119501,98.037,257.339341115456,902.667,2221.89060819069
"HUD2004016","LAS","L3 8",2004,5,20,"Spring","62",897.997497558594,1359.94275,12269.8804718861,102.47875,821.31883599747,901.89725,6509.07124301633
"HUD2004016","LAS","L3 9",2004,5,21,"Spring","67",2130.74877929688,1389.0075,31886.7686165772,97.231,2159.63582189941,770.66,18956.7604194336
"HUD2005016","LAS","126_1",2005,6,1,"Spring","18HU05016126",2711.00244140625,1073.37675,43242.2888504843,73.238,2787.00203849831,647.134,27464.0011737022
"HUD2005016","LAS","131_1",2005,6,2,"Spring","18HU05016131",1994.12878417969,1381.22475,30949.6928932495,81.37875,1989.89338232422,866.2975,18427.364380188
"HUD2005016","LAS","135_1",2005,6,2,"Spring","18HU05016135",1626.05749511719,1197.49675,26118.8569960938,73.02525,1482.9857677002,881.57125,15641.0677209473
"HUD2005016","LAS","139_1",2005,6,2,"Spring","18HU05016139",897.997497558594,900.47925,12642.3750181417,77.262,813.224805492637,872.08775,7125.19398957286
"HUD2005016","LAS","143_1",2005,6,2,"Spring","18HU05016143",350.872497558594,831.0575,3733.20732603371,82.89,252.670216392313,933.2225,2512.06565254205
"HUD2005016","LAS","147_1",2005,6,2,"Spring","18HU05016147",245.75,783.52925,1858.887875,84.1295,143.999125,878.84775,1540.071125
"HUD2005016","LAS","154_1",2005,6,2,"Spring","18HU05016154",194.75,752.68675,1049.9635,87.297,91.51175,918.90875,994.999375
"HUD2005016","LAS","158_1",2005,6,4,"Spring","18HU05016158",168.619995117188,603.1715,796.747477722168,74.9215,67.7997150268555,750.4345,742.458053649902
"HUD2005016","LAS","162_1",2005,6,3,"Spring","18HU05016162",148.744995117188,513.035,595.840779052734,66.69025,49.4042224731445,663.7205,582.127865356445
"HUD2005016","LAS","166_1",2005,6,3,"Spring","18HU05016166",204.6875,484.34525,1063.73346875,73.39725,100.05646875,592.83075,1120.457125
"HUD2005016","LAS","170_1",2005,6,3,"Spring","18HU05016170",150.869995117188,446.228,464.749919006348,67.084,48.8970902709961,463.09725,489.951453125
"HUD2006019","LAS","13_1",2006,5,26,"Spring","18HU06019013",204.6875,505.78,1146.70040625,71.8275,102.005125,605.0725,1085.51471875
"HUD2006019","LAS","20_1",2006,5,26,"Spring","18HU06019020",148.744995117188,555.9225,552.016736816406,74.7385,50.6830046386719,614.499,511.051599243164
"HUD2006019","LAS","27_1",2006,5,26,"Spring","18HU06019027",165.940002441406,597.155,782.914763397217,78.387,66.9161128234863,719.8025,690.705266479492
"HUD2006019","LAS","33_1",2006,5,26,"Spring","18HU06019033",196.619995117188,536.815,1024.22100280762,75.0145,95.0222848510742,619.1525,1020.53974475098
"HUD2006019","LAS","37_1",2006,5,26,"Spring","18HU06019037",244.940002441406,653.063,1673.45728158569,79.852,147.628652557373,744.2885,1580.36154736328
"HUD2006019","LAS","41_1",2006,5,27,"Spring","18HU06019041",350.872497558594,558.09475,3478.65971485714,70.27175,255.676164673672,640.22225,2225.44188888562
"HUD2006019","LAS","46_1",2006,5,27,"Spring","18HU06019046",897.997497558594,1025.608,11890.2299683239,85.97675,854.69324170037,711.186,6791.80661219781
"HUD2006019","LAS","47_1",2006,5,27,"Spring","18HU06019047",1994.12878417969,1050.01325,31725.7807973271,73.92925,1768.95986058477,864.47075,18958.4164464418
"HUD2006019","LAS","56_1",2006,5,27,"Spring","18HU06019056",1994.12878417969,1275.6575,29400.3994690552,85.2275,1776.43986395264,989.2975,17381.3085835571
"HUD2006019","LAS","61_1",2006,5,27,"Spring","18HU06019061",2711.00244140625,1102.1005,43363.2719027454,74.6775,2629.41208888345,801.8915,28771.7322047565
"HUD2006019","LAS","9_1",2006,5,26,"Spring","18HU06019009",154.309997558594,561.62775,512.351276184082,74.24225,51.7261275024414,674.83775,561.123769927979
"HUD2007011","LAS","13_1",2007,5,12,"Spring","18HU07011013",919.627502441406,957.4685,12050.6055243835,83.3625,755.804676055908,878.9715,7146.92997415161
"HUD2007011","LAS","16_1",2007,5,12,"Spring","18HU07011016",183,822.7555,883.44775,83.0245,72.02275,886.3005,870.969
"HUD2007011","LAS","17_1",2007,5,12,"Spring","18HU07011017",199.190002441406,823.07725,1167.27879824829,85.09975,90.9780473327637,876.201,918.352701965332
"HUD2007011","LAS","20_1",2007,5,12,"Spring","18HU07011020",240.059997558594,952.318,1737.94778765869,86.68625,123.067497802734,875.4515,1089.43412091064
"HUD2007011","LAS","23_1",2007,5,13,"Spring","18HU07011023",381.627502441406,1032.3005,3813.76112155151,87.53925,264.700962402344,851.7985,2260.30126739502
"HUD2007011","LAS","27_1",2007,5,13,"Spring","18HU07011027",2196.61889648438,1186.48075,33116.7009821777,91.52775,2206.48368579102,797.06025,19407.289074585
"HUD2007011","LAS","35_1",2007,5,13,"Spring","18HU07011035",2711.00244140625,1314.146,38934.5929233398,94.4045,2618.37294873047,766.782,19843.1933083496
"HUD2007011","LAS","36_1",2007,5,13,"Spring","18HU07011036",2634.37255859375,1270.46725,41282.1351790777,92.1135,2739.81958934928,768.48,24553.8168793636
"HUD2008009","LAS","182_1",2008,5,28,"Spring","18HU08009182",2711.00244140625,931.716,40273.326918457,72.85475,2678.26275488281,472.0075,19753.9377277832
"HUD2008009","LAS","183_1",2008,5,28,"Spring","18HU08009183",2634.37255859375,982.65575,41354.3527467293,76.92825,2807.13815236948,458.11725,23821.4815166468
"HUD2008009","LAS","198_1",2008,5,28,"Spring","18HU08009198",1994.12878417969,677.85,31445.4929840837,64.867,2065.1920472867,501.5985,17907.5465046433
"HUD2008009","LAS","203_1",2008,5,28,"Spring","18HU08009203",919.627502441406,865.6575,12997.2592015076,75.95375,857.317113861084,596.42925,6728.86692294312
"HUD2008009","LAS","207_1",2008,5,29,"Spring","18HU08009207",350.872497558594,798.116,3362.12574160767,85.4205,237.136825012207,833.7185,1829.20323809814
"HUD2008009","LAS","211_1",2008,5,29,"Spring","18HU08009211",242.190002441406,683.75225,1491.85040985107,85.11675,123.808312194824,871.02125,1134.93445394897
"HUD2008009","LAS","214_1",2008,5,29,"Spring","18HU08009214",194.75,655.42125,868.08525,80.8995,84.790375,795.27225,833.965625
"HUD2008009","LAS","217_1",2008,5,29,"Spring","18HU08009217",168.619995117188,614.76925,626.394821044922,78.58475,58.7591358032227,753.559,542.185431152344
"HUD2008009","LAS","223_1",2008,5,29,"Spring","18HU08009223",203.057495117188,495.91575,960.027328979492,69.8715,88.8881182861328,636.936,848.050260314942
"HUD2008009","LAS","224_1",2008,5,29,"Spring","18HU08009224",150.869995117188,642.64425,433.525657714844,81.46175,46.2267155761719,778.025,466.769265014648
"HUD2009015","LAS","174_1",2009,5,25,"Spring","18HU09015174",657.557495117188,902.10275,8623.89070019531,70.4685,547.60197253418,539.84225,4591.63586309814
"HUD2009015","LAS","177_1",2009,5,26,"Spring","18HU09015177",919.627502441406,1157.1845,NA,80.497,NA,657.8375,NA
"HUD2009015","LAS","181_1",2009,5,26,"Spring","18HU09015181",1994.12878417969,1327.3,31391.281154281,92.093,2108.46980734999,695.808,18518.8526093037
"HUD2009015","LAS","187_1",2009,5,26,"Spring","18HU09015187",2703.8125,1340.7345,39596.6225625,92.74675,2635.78440625,692.3445,20062.70828125
"HUD2009015","LAS","188_1",2009,5,26,"Spring","18HU09015188",2711.00244140625,1333.49675,42903.4853093262,98.108,2891.88131347656,695.765,26258.2994338379
"HUD2009015","LAS","177_1",2009,5,25,"Spring","18HU09015177",919.627502441406,NA,13176.6691302202,NA,831.23636734774,NA,6971.40399423762
"HUD2009015","LAS","178_1",2009,5,26,"Spring","18HU09015178",1591.4375,NA,25227.2820381046,NA,1635.90304969894,NA,14435.1792370061
"HUD2010014","LAS","231_1",2010,5,23,"Spring","18HU10014231",2634.37255859375,NA,40969.0052193972,NA,2848.49850213755,NA,25743.38248402
"HUD2010014","LAS","246_1",2010,5,23,"Spring","18HU10014246",1994.12878417969,1051.57925,30252.1920741609,83.776,2047.32236063774,718.25025,17531.8422504233
"HUD2010014","LAS","251_1",2010,5,24,"Spring","18HU10014251",919.627502441406,898.80225,12137.6292702026,88.60925,869.507312744141,843.0755,6321.22418338013
"HUD2010014","LAS","252_1",2010,5,24,"Spring","18HU10014252",364.622497558594,732.9105,3480.56952011108,87.605,266.655224914551,895.953,2274.99311676025
"HUD2010014","LAS","266_1",2010,5,24,"Spring","18HU10014266",150.869995117188,439.028,396.467081542969,74.091,49.6354451904297,638.6305,503.447386291504
"HUD2011009","LAS","23_1",2011,5,11,"Spring","18HU11009023",919.627502441406,1393.7815,12603.0609653015,99.061,875.540802734375,771.56875,6528.97531439209
"HUD2011009","LAS","320_1",2011,5,21,"Spring","18HU11009320",350.872497558594,770.1865,3044.34028729248,85.26475,234.387761260986,897.458,2025.99374237061
"HUD2011009","LAS","323_1",2011,5,21,"Spring","18HU11009323",244.940002441406,744.0435,1610.71626168823,82.23975,129.792932342529,850.57925,1165.73410925293
"HUD2011009","LAS","326_1",2011,5,21,"Spring","18HU11009326",194.75,541.3345,1049.269,71.859,87.86625,755.97425,846.1105
"HUD2011009","LAS","330_1",2011,5,21,"Spring","18HU11009330",168.619995117188,653.32175,688.773989746094,78.69,61.6575455932617,793.1155,583.69655871582
"HUD2011009","LAS","333_1",2011,5,21,"Spring","18HU11009333",147.994995117188,639.9855,488.944263122559,80.1375,44.0388304443359,834.017,436.571043151855
"HUD2011009","LAS","337_1",2011,5,21,"Spring","18HU11009337",204.6875,698.44175,995.6614375,85.1495,95.80246875,899.515,981.02140625
"HUD2011009","LAS","33_1",2011,5,11,"Spring","18HU11009033",2390.6923828125,1399.6545,34905.0013359488,101.04725,2492.65195065312,759.9985,22058.8910995967
"HUD2011009","LAS","340_1",2011,5,22,"Spring","18HU11009340",153.190002441406,658.25875,464.708041748047,82.56525,48.554307220459,894.706,514.717593688965
"HUD2011009","LAS","36_1",2011,5,12,"Spring","18HU11009036",2634.37255859375,1390.485,40196.0153370683,NA,2800.02942657757,783.74725,25525.5984174345
"HUD2011009","LAS","32_1",2011,5,11,"Spring","18HU11009032",2109.80883789062,NA,31554.3058536377,NA,2247.13124426269,NA,18495.5533205566
"MLB2012001","LAS","L3_01",2012,6,4,"Spring","18MF12001005",150.869995117188,574.591,437.419517089844,78.3955,47.7790603637695,740.80725,475.406568908691
"MLB2012001","LAS","L3_02",2012,6,4,"Spring","18MF12001008",204.6875,468.363,971.58896875,71.90025,94.43565625,652.74225,818.0496875
"MLB2012001","LAS","L3_03",2012,6,4,"Spring","18MF12001011",148.744995117188,627.2035,482.269175415039,76.334,NA,700.57475,398.367235717773
"MLB2012001","LAS","L3_04",2012,6,4,"Spring","18MF12001017",168.619995117188,649.6625,646.046183044434,69.96,64.7219852905273,750.20025,563.729650695801
"MLB2012001","LAS","L3_05",2012,6,4,"Spring","18MF12001018",194.75,636.663,1024.59025,71.3135,72.171375,633.48775,695.474
"MLB2012001","LAS","L3_06",2012,6,4,"Spring","18MF12001021",244.940002441406,651.93575,1594.26424035645,74.7075,132.809702514648,710.21075,992.448387756348
"MLB2012001","LAS","L3_07",2012,6,4,"Spring","18MF12001024",350.872497558594,530.5525,3088.20705813599,49.678,220.770779968262,464.72475,1661.67950778198
"MLB2012001","LAS","L3_08",2012,6,5,"Spring","18MF12001027",963.747497558594,866.40825,13336.2800986216,51.1795,789.44526323579,671.263,6778.851087209
"MLB2012001","LAS","L3_09",2012,6,5,"Spring","18MF12001037",2130.74877929688,718.221,32906.6898687744,22.8395,2354.29340710449,497.6795,19924.5647087402
"MLB2012001","LAS","L3_10",2012,6,6,"Spring","18MF12001040",2711.00244140625,627.55325,42406.6137214996,62.23925,2943.10847856487,413.7235,27495.1372160968
"HUD2013008","LAS","L3_07.25",2013,5,19,"Spring","177",485.807495117188,684.195,5325.37818908691,76.5165,381.028744628906,728.735,3144.67739685059
"HUD2013008","LAS","L3_08",2013,5,11,"Spring","024",897.997497558594,778.53,11784.6614960784,79.414,882.250371930575,671.685,6510.80721222682
"HUD2013008","LAS","L3_09",2013,5,11,"Spring","020",2109.80883789062,860.055,31726.3260412598,76.81575,2263.82256799316,612.1075,19730.1809008789
"HUD2013008","LAS","L3_10",2013,5,12,"Spring","031",2711.00244140625,1008.845,39268.4786938477,74.2275,2751.74997119141,596.8775,26570.6228442383
"HUD2014007","LAS","L3_03",2014,5,13,"Spring","129",151.494995117188,782.49,456.275731811523,92.90975,48.5782904052734,851.845,442.199458007812
"HUD2014007","LAS","L3_04",2014,5,13,"Spring","125",165.940002441406,872.0325,859.305334777832,91.9345,65.5720924987793,783.255,522.893020629883
"HUD2014007","LAS","L3_05",2014,5,13,"Spring","120",194.75,769.02,1080.4,90.88475,91.13025,820.905,826.07
"HUD2014007","LAS","L3_06",2014,5,13,"Spring","117",245.75,806.325,1587.78875,92.25125,136.307,865.44,1119.78125
"HUD2014007","LAS","L3_07",2014,5,13,"Spring","113",350.872497558594,829.7575,3141.5252723782,92.06925,241.104454352976,865.9875,1917.98422364642
"HUD2014007","LAS","L3_08",2014,5,13,"Spring","110",897.997497558594,940.9675,11800.9518244399,92.0375,818.037097925132,782.3525,6055.53262804229
"HUD2014007","LAS","L3_09",2014,5,14,"Spring","134",1994.12878417969,1393.235,30787.6289112594,87.74675,1853.05644273203,769.3175,18552.2851091495
"HUD2014007","LAS","L3_09.5",2014,5,14,"Spring","137",2411.20239257812,1365.09,36389.109230957,84.12675,2120.84929638672,775.105,18572.1662243652
"HUD2014007","LAS","L3_10",2014,5,13,"Spring","109",2711.00244140625,1463.6275,41118.9807666016,94.495,2632.84210839844,737.4575,24769.9565991211
"HUD2015006","LAS","L3_08",2015,5,16,"Spring","177",949.307495117188,1011.44,NA,80.83,NA,804.8175,NA
"HUD2015006","LAS","L3_08.5",2015,5,15,"Spring","168",1591.4375,1357.5025,23704.31,90.19675,1486.854625,805.5775,12533.825
"HUD2015006","LAS","L3_09",2015,5,16,"Spring","180",2109.80883789062,1320.615,32232.7575805664,89.17075,2108.54035375976,809.015,19541.8900195312
"HUD2015006","LAS","L3_10",2015,5,15,"Spring","163",2711.00244140625,1448.5,41828.7720911679,93.98275,2697.12247327005,810.8625,26527.7698059636
"HUD2015006","LAS","L3_08",2015,5,16,"Spring","177",862.307495117188,NA,11828.7644845107,NA,765.393681392077,NA,6516.60862413537
"HUD2016006","LAS","L3_06",2016,5,15,"Spring","237",242.190002441406,720.115,NA,86.6,NA,878.3975,NA
"HUD2016006","LAS","L3_07",2016,5,15,"Spring","231",350.872497558594,842.3225,2780.11867857901,87.6595,230.435448383597,843.6675,2065.24563258157
"HUD2016006","LAS","L3_07.5",2016,5,15,"Spring","241",562.1875,788.48,5959.97882456187,89.0455,457.757328223976,865.52,3852.12140057538
"HUD2016006","LAS","L3_08",2016,5,15,"Spring","230",897.997497558594,766.98375,10912.5165412374,86.401625,828.281429998804,824.4275,6578.75184151718
"HUD2016006","LAS","L3_08.5",2016,5,7,"Spring","051",1812.22888183594,1148.9875,25642.8856048584,85.39225,1775.94792266846,729.695,14096.8782751465
"HUD2016006","LAS","L3_09",2016,5,7,"Spring","045",2225.57885742188,1228.26,NA,87.5215,NA,744.74,NA
"HUD2016006","LAS","L3_09.5",2016,5,15,"Spring","227",2417.0576171875,1012.27,NA,90.851,NA,889.7,NA
"HUD2016006","LAS","L3_10",2016,5,7,"Spring","042",2608.12255859375,1196.64,NA,92.25075,NA,774.3925,NA
"HUD2016006","LAS","L3_06",2016,5,15,"Spring","237",245.75,NA,1431.88625,NA,129.401125,NA,1184.69875
"HUD2016006","LAS","L3_09",2016,5,7,"Spring","045",2168.62890625,NA,31839.4661914063,NA,2242.714390625,NA,21540.061875
"HUD2016006","LAS","L3_09.5",2016,5,15,"Spring","227",2401.49877929688,NA,33327.1448425293,NA,2456.49273901367,NA,22437.6430651855
"HUD2016006","LAS","L3_10",2016,5,7,"Spring","042",2553.37255859375,NA,36783.2614787927,NA,2652.81915643811,NA,25218.5374196738
"HUD2018008","LAS","L3_07",2018,5,4,"Spring","072",360.557495117188,921.655,NA,81.79425,NA,858.56,NA
"HUD2018008","LAS","L3_08",2018,5,4,"Spring","065",1193.80749511719,1243.0925,NA,85.54925,NA,811.4,NA
"HUD2018008","LAS","L3_09",2018,5,4,"Spring","058",2138.74877929688,1486.75,33764.4419311523,95.7605,2092.87347314453,881.6725,19761.6130224609
"HUD2018008","LAS","L3_10",2018,5,5,"Spring","075",2703.8125,1473.625,44072.481875,94.7285,2692.09634375,861.3225,26576.41625
"HUD2018008","LAS","L3_07",2018,5,4,"Spring","072",354.0625,NA,3730.9565625,NA,242.03065625,NA,2157.6434375
"HUD2018008","LAS","L3_08",2018,5,4,"Spring","065",1143.99755859375,NA,16667.1461165914,NA,1041.51146308762,NA,9182.66527816702
"AMU2019001","LAS","L3_01",2019,6,10,"Spring","015",150.869995117188,682.625,476.548576965332,85.02875,48.4348253173828,833.04125,511.748948974609
"AMU2019001","LAS","L3_02",2019,6,10,"Spring","019",204.6875,689.17375,1017.99171875,87.418125,96.934703125,909.45625,1020.724375
"AMU2019001","LAS","L3_03",2019,6,10,"Spring","023",148.744995117188,733.86,538.439967651367,82.41225,46.2687415466309,833.495,468.268926391601
"AMU2019001","LAS","L3_04",2019,6,10,"Spring","027",168.25,732.8925,NA,87.26175,NA,894.49,NA
"AMU2019001","LAS","L3_09",2019,6,20,"Spring","328",2109.80883789062,1041.43625,32466.1231713867,73.9605,2125.58251141357,615.03875,19112.8971124268
"AMU2019001","LAS","L3_10",2019,6,20,"Spring","323",2553.37255859375,1309.825,39501.7860148207,88.42575,2580.05850268841,763.65875,24329.7394175737
"AMU2019001","LAS","L3_04",2019,6,10,"Spring","027",168.619995117188,NA,675.194949645996,NA,63.663620513916,NA,637.993104858398
"AT4805","LAS","L3_02.3",2022,5,20,"Spring","188",174.247497558594,238.1075,646.933705215454,55.44425,67.9442793045044,314.2725,697.111323471069
"AT4805","LAS","L3_03",2022,5,20,"Spring","187",147.994995117188,471.4775,391.637208251953,71.43675,43.5856004638672,649.1075,452.106652832031
"AT4805","LAS","L3_04",2022,5,20,"Spring","180",168.619995117188,425.61,585.471354980469,68.68725,62.9686454467773,586.0875,664.221051025391
"AT4805","LAS","L3_05",2022,5,20,"Spring","179",194.75,332.0775,1194.45,50.70425,88.865875,321.3625,811.29625
"AT4805","LAS","L3_06",2022,5,20,"Spring","175",242.25,465.31,1518.295,71.284,123.011125,590.13,1092.68625
"AT4805","LAS","L3_07",2022,5,20,"Spring","169",324.622497558594,429.495,2794.22609898135,60.79475,203.287799072612,481.6675,1773.00612640035
"AT4805","LAS","L3_07.5",2022,5,20,"Spring","168",521.497497558594,686.3275,5947.01096802454,72.14575,411.03578823545,617.2075,3307.89607155803
"AT4805","LAS","L3_08",2022,5,10,"Spring","031",846.127502441406,1266.8275,NA,89.33425,NA,718.6525,NA
"AT4805","LAS","L3_09",2022,5,10,"Spring","038",2071.18994140625,1308.8775,32071.1570878977,90.02425,2108.17147593627,754.725,19318.9991348225
"AT4805","LAS","L3_10",2022,5,19,"Spring","166",2682.62255859375,1008.835,41021.434000738,76.468,2735.52782460826,658.395,26383.1509118374
"AT4805","LAS","L3_08",2022,5,10,"Spring","031",897.997497558594,NA,12422.2858568553,NA,825.139911561493,NA,6720.39266657381
"CAR2023573","LAS","AR7W_02",2023,6,6,"Spring","125",204.6875,611,948.390625,76.5015,91.8296875,872.635,1017.484375
"CAR2023573","LAS","AR7W_03",2023,6,6,"Spring","122",148.744995117188,615.7,500.86192199707,71.7365,42.1494531860352,663.005,464.376624145508
"CAR2023573","LAS","AR7W_04",2023,6,6,"Spring","119",165.940002441406,710.4,598.316822509766,66.585,54.6151219482422,712.475,616.16942199707
"CAR2023573","LAS","AR7W_05",2023,6,6,"Spring","116",194.75,897.4825,1133.6475,62.66525,83.3705,NA,911.82375
"CAR2023573","LAS","AR7W_06",2023,6,6,"Spring","113",244.940002441406,718.255,NA,68.842,NA,780.335,NA
"CAR2023573","LAS","AR7W_07",2023,6,5,"Spring","110",350.872497558594,784.9525,3447.70365746588,66.2685,218.838340515137,731.125,2277.57155906177
"CAR2023573","LAS","AR7W_08",2023,6,5,"Spring","106",958.1875,743.445,NA,65.221,NA,680.3475,NA
"CAR2023573","LAS","AR7W_09",2023,6,5,"Spring","103",2156.46875,1057.65,NA,75.514,NA,729.4325,NA
"CAR2023573","LAS","AR7W_10",2023,6,5,"Spring","098",2634.37255859375,943.05,40518.7042163086,63.2255,2588.14009765625,590.2925,25510.1006079102
"CAR2023573","LAS","AR7W_06",2023,6,5,"Spring","113",244.940002441406,NA,NA,NA,128.240582366943,NA,NA
"CAR2023573","LAS","AR7W_08",2023,6,5,"Spring","106",954.997497558594,NA,12210.7511843872,NA,797.799231781006,NA,6880.68897186279
"CAR2023573","LAS","AR7W_09",2023,6,5,"Spring","103",2076.63891601562,NA,31178.7391809082,NA,1998.91141625977,NA,18892.9501721191
"CAR2023573","LAS","AR7W_05",2023,6,6,"Spring","116",199.190002441406,NA,NA,NA,NA,733.325,NA
