"POLYGON","DATE","MISSION","EVENT_ID","LATITUDE","LONGITUDE","DEPTH","PAAW"
"HB","1998-06-27","HUD1998023","42",55.111,-54.138833,30.352,479.931996402637
"HB","1998-06-27","HUD1998023","42",55.111,-54.138833,10.306,477.258354634215
"CLS","1998-06-28","HUD1998023","55",55.612167,-53.629167,20.551,477.288318732589
"CLS","1998-06-28","HUD1998023","55",55.612167,-53.629167,10.598,475.040792815266
"CLS","1998-07-02","HUD1998023","87",58.640667,-50.415833,30.062,469.584545757068
"CLS","1998-07-06","HUD1998023","-999",56.17,-52.98,3,471.473456243266
"HB","1999-07-01","HUD1999022","-999",53.99,-55.25,1,475.667116861341
"HB","1999-07-01","HUD1999022","38",53.68,-55.5495,40.19,481.984363775591
"HB","1999-07-01","HUD1999022","38",53.68,-55.5495,19.993,474.147576180681
"HB","1999-07-01","HUD1999022","38",53.68,-55.5495,9.619,476.502915333175
"HB","1999-07-02","HUD1999022","-999",55.12,-54.09,1,473.180238622002
"HB","1999-07-02","HUD1999022","-999",55.12,-54.1,1,474.888849094803
"HB","1999-07-02","HUD1999022","56",55.264833,-53.979667,29.574,476.134196818534
"HB","1999-07-02","HUD1999022","56",55.264833,-53.979667,19.413,473.902285394518
"HB","1999-07-02","HUD1999022","56",55.264833,-53.979667,11.295,472.828960982076
"HB","1999-07-03","HUD1999022","70",55.420833,-53.829833,29.991,475.431109231365
"HB","1999-07-03","HUD1999022","70",55.420833,-53.829833,19.589,476.93311243507
"HB","1999-07-03","HUD1999022","70",55.420833,-53.829833,9.748,472.749629906291
"CLS","1999-07-04","HUD1999022","84",56.1215,-53.056,28.717,478.891228861649
"CLS","1999-07-04","HUD1999022","84",56.1215,-53.056,19.985,473.472017881266
"CLS","1999-07-04","HUD1999022","84",56.1215,-53.056,9.68,472.851999947471
"CLS","1999-07-05","HUD1999022","-999",57.9,-51.22,1,476.053369466879
"CLS","1999-07-05","HUD1999022","90",58.216,-50.8875,38.819,473.063545102574
"CLS","1999-07-05","HUD1999022","90",58.216,-50.8875,20.786,473.71983176003
"CLS","1999-07-05","HUD1999022","90",58.216,-50.8875,7.798,473.185275781036
"CLS","1999-07-06","HUD1999022","99",58.636833,-50.423667,39.414,472.926665367737
"CLS","1999-07-06","HUD1999022","99",58.636833,-50.423667,19.273,472.451173189591
"CLS","1999-07-06","HUD1999022","99",58.636833,-50.423667,9.434,473.416347235778
"GS","1999-07-07","HUD1999022","111",60.298833,-48.56,20.683,465.787773112081
"GS","1999-07-07","HUD1999022","111",60.298833,-48.56,10.493,465.641258155142
"CLS","1999-07-08","HUD1999022","-999",59.75,-49.17,1,468.365945817605
"GS","1999-07-08","HUD1999022","126",60.176667,-48.687167,19.4,471.55029528561
"GS","1999-07-08","HUD1999022","126",60.176667,-48.687167,9.211,468.721399405213
"GS","1999-07-08","HUD1999022","126",60.176667,-48.687167,4.401,471.325718294182
"CLS","1999-07-09","HUD1999022","137",57.820667,-51.346833,40.035,475.504974704005
"CLS","1999-07-09","HUD1999022","137",57.820667,-51.346833,29.808,473.009357260788
"CLS","1999-07-09","HUD1999022","137",57.820667,-51.346833,9.784,468.152673559952
"CLS","1999-07-10","HUD1999022","145",56.727333,-52.479667,20.051,472.780280066192
"CLS","1999-07-10","HUD1999022","145",56.727333,-52.479667,10.218,469.454265813956
"HB","2001-06-04","HUD2001022","-999",54.3,-54.95,4,467.685407888553
"HB","2001-06-04","HUD2001022","52",53.793333,-55.440167,39.091,471.573885214669
"HB","2001-06-04","HUD2001022","52",53.793333,-55.440167,20.114,471.848602454671
"HB","2001-06-04","HUD2001022","52",53.793333,-55.440167,9.691,470.944139470717
"HB","2001-06-05","HUD2001022","-999",55.42,-53.82,4,476.395222213715
"CLS","2001-06-05","HUD2001022","-999",55.63,-53.65,4,476.292894026536
"CLS","2001-06-05","HUD2001022","72",55.614667,-53.634,40.23,475.782856436899
"CLS","2001-06-05","HUD2001022","72",55.614667,-53.634,20.207,477.974607350482
"CLS","2001-06-05","HUD2001022","72",55.614667,-53.634,10.178,476.527013296894
"CLS","2001-06-06","HUD2001022","86",56.696167,-52.490333,19.22,470.971709930538
"CLS","2001-06-06","HUD2001022","86",56.696167,-52.490333,9.561,470.154446590955
"CLS","2001-06-07","HUD2001022","96",58.64,-50.416333,39.07,473.04675532521
"CLS","2001-06-07","HUD2001022","96",58.64,-50.416333,19.345,469.256495032947
"CLS","2001-06-07","HUD2001022","96",58.64,-50.416333,9.116,470.036103788047
"GS","2001-06-08","HUD2001022","108",60.567167,-48.2625,39.477,481.292685918725
"GS","2001-06-08","HUD2001022","108",60.567167,-48.2625,19.963,484.325794428092
"GS","2001-06-08","HUD2001022","108",60.567167,-48.2625,9.377,477.313007721381
"CLS","2001-06-09","HUD2001022","161",59.065,-49.955667,40.056,472.209867366148
"CLS","2001-06-09","HUD2001022","161",59.065,-49.955667,19.86,472.36695314768
"CLS","2001-06-09","HUD2001022","161",59.065,-49.955667,10.043,470.241618420371
"CLS","2001-06-10","HUD2001022","209",56.113833,-53.116,19.349,473.157965175399
"CLS","2001-06-10","HUD2001022","209",56.113833,-53.116,9.551,472.181473515463
"HB","2002-12-01","HUD2002075","1",53.676167,-55.551,19.583,473.643973888925
"HB","2002-12-02","HUD2002075","13",53.992667,-55.253333,30.862,470.834781509404
"HB","2002-12-02","HUD2002075","13",53.992667,-55.253333,3.449,468.406440859062
"HB","2002-12-02","HUD2002075","14",54.4915,-54.755,3.133,464.023705526214
"HB","2002-12-03","HUD2002075","23",54.956667,-54.280167,3.075,472.097868741812
"HB","2002-12-03","HUD2002075","27",55.111667,-54.1375,4.167,472.147467233162
"CLS","2002-12-04","HUD2002075","50",55.859833,-53.39,10.014,475.283180133672
"CLS","2002-12-04","HUD2002075","66",56.548667,-52.661833,3.911,475.474790287582
"CLS","2002-12-04","HUD2002075","77",57.376,-51.797167,30.288,475.470796565333
"CLS","2002-12-04","HUD2002075","77",57.376,-51.797167,4.816,473.303293827877
"CLS","2002-12-05","HUD2002075","108",58.203167,-50.840833,3.591,472.02187522807
"CLS","2002-12-05","HUD2002075","120",59.066167,-49.949667,20.367,471.807698799049
"CLS","2002-12-05","HUD2002075","120",59.066167,-49.949667,4.465,471.709503623287
"CLS","2002-12-06","HUD2002075","135",59.744167,-49.1685,4.778,472.729398729797
"GS","2002-12-06","HUD2002075","159",60.345667,-48.519833,4.708,472.882670091689
"HB","2003-07-23","HUD2003038","86",53.676,-55.5455,20.241,472.464612078581
"HB","2003-07-23","HUD2003038","86",53.676,-55.5455,2.206,468.414733357002
"HB","2003-07-24","HUD2003038","119",55.187167,-54.059,20.683,476.056926355313
"HB","2003-07-24","HUD2003038","119",55.187167,-54.059,4.49,472.270330465692
"CLS","2003-07-25","HUD2003038","152",56.115,-53.116167,9.801,472.342670086108
"CLS","2003-07-25","HUD2003038","152",56.115,-53.116167,3.829,471.165898857984
"CLS","2003-07-26","HUD2003038","186",57.377167,-51.791833,29.962,472.886250201473
"CLS","2003-07-26","HUD2003038","186",57.377167,-51.791833,2.918,467.411096736215
"CLS","2003-07-27","HUD2003038","219",58.640333,-50.416167,28.547,473.845191087282
"CLS","2003-07-27","HUD2003038","219",58.640333,-50.416167,3.773,468.305992807582
"CLS","2003-07-28","HUD2003038","259",59.984667,-48.898833,49.412,472.184245008981
"CLS","2003-07-28","HUD2003038","259",59.984667,-48.898833,3.712,467.806094551026
"CLS","2003-07-29","HUD2003038","290",59.743667,-49.155333,21.496,470.637029140828
"CLS","2003-07-29","HUD2003038","290",59.743667,-49.155333,3.373,469.807110330963
"HB","2004-05-20","HUD2004016","53",54.958333,-54.279,18.515,472.773279933371
"HB","2004-05-20","HUD2004016","53",54.958333,-54.279,2.797,472.39280159416
"CLS","2004-05-21","HUD2004016","81",55.619167,-53.636,32.282,474.595347112107
"CLS","2004-05-21","HUD2004016","81",55.619167,-53.636,4.37,473.083912436547
"CLS","2004-05-22","HUD2004016","133",57.3805,-51.778833,28.932,477.094397688003
"CLS","2004-05-22","HUD2004016","133",57.3805,-51.778833,3.383,474.162202881379
"CLS","2004-05-25","HUD2004016","237",59.492833,-49.492333,30.018,471.674173681069
"CLS","2004-05-25","HUD2004016","237",59.492833,-49.492333,2.009,472.539155980316
"GS","2004-05-26","HUD2004016","257",60.366833,-48.4535,34.33,473.307852788152
"GS","2004-05-26","HUD2004016","257",60.366833,-48.4535,1.868,484.509879475394
"CLS","2005-05-29","HUD2005016","4",59.484,-49.473667,2.924,473.121015043185
"CLS","2005-05-29","HUD2005016","8",59.9835,-48.898667,2.528,467.760972718518
"GS","2005-05-29","HUD2005016","12",60.292667,-48.545833,27.753,483.769949156392
"GS","2005-05-29","HUD2005016","12",60.292667,-48.545833,2.172,478.542489060756
"GS","2005-05-30","HUD2005016","29",60.175833,-48.675,3.04,475.791670806642
"CLS","2005-05-30","HUD2005016","36",59.7455,-49.173167,1.951,472.600075724768
"CLS","2005-05-30","HUD2005016","46",59.0655,-49.950333,19.8,472.774486159775
"CLS","2005-05-30","HUD2005016","46",59.0655,-49.950333,2.631,474.952580864442
"CLS","2005-05-31","HUD2005016","56",58.6405,-50.423,2.078,472.857133786247
"CLS","2005-05-31","HUD2005016","64",58.216833,-50.879833,3.138,473.950014502582
"CLS","2005-05-31","HUD2005016","72",57.799667,-51.332667,3.108,474.020628192846
"CLS","2005-05-31","HUD2005016","80",57.3775,-51.7895,30.268,473.391450588273
"CLS","2005-05-31","HUD2005016","80",57.3775,-51.7895,2.549,469.950363289097
"CLS","2005-05-31","HUD2005016","90",56.958,-52.232167,1.774,474.921767125441
"CLS","2005-06-01","HUD2005016","98",56.5365,-52.696,2.624,476.487065703461
"CLS","2005-06-01","HUD2005016","107",56.113667,-53.117833,2.704,481.505977673515
"CLS","2005-06-01","HUD2005016","113",55.845,-53.394167,20.084,483.814601008483
"CLS","2005-06-01","HUD2005016","113",55.845,-53.394167,2.281,478.351877203121
"CLS","2005-06-01","HUD2005016","121",55.611333,-53.630167,2.682,474.602590526143
"HB","2005-06-01","HUD2005016","126",55.419,-53.823667,1.478,479.306800303317
"HB","2005-06-02","HUD2005016","131",55.261667,-53.9775,2.538,477.352261011618
"HB","2005-06-02","HUD2005016","139",55.1105,-54.131667,2.647,478.261601364231
"HB","2005-06-02","HUD2005016","143",54.955167,-54.2865,2.212,476.179675926341
"HB","2005-06-02","HUD2005016","147",54.756167,-54.475,10.683,481.93035756491
"HB","2005-06-02","HUD2005016","147",54.756167,-54.475,1.918,473.491018054418
"HB","2005-06-02","HUD2005016","154",54.491667,-54.757,2.454,475.546232186718
"HB","2005-06-03","HUD2005016","158",54.219833,-55.023167,2.395,476.087268623831
"HB","2005-06-03","HUD2005016","162",53.986833,-55.248167,1.406,471.32274457037
"HB","2005-06-03","HUD2005016","166",53.796,-55.439167,2.891,468.836779143165
"HB","2005-06-03","HUD2005016","170",53.679333,-55.551333,1.907,465.626323238006
"HB","2006-05-26","HUD2006019","9",53.682667,-55.557167,31.352,480.258309765872
"HB","2006-05-26","HUD2006019","9",53.682667,-55.557167,2.049,472.578008792197
"HB","2006-05-26","HUD2006019","27",54.224333,-55.038333,30.709,474.659380791244
"HB","2006-05-26","HUD2006019","27",54.224333,-55.038333,5.342,477.175857938478
"CLS","2006-05-29","HUD2006019","135",58.221333,-50.868833,31.478,476.515147053106
"CLS","2006-05-29","HUD2006019","135",58.221333,-50.868833,3.198,471.462715202866
"GS","2006-05-30","HUD2006019","190",60.2905,-48.549667,29.308,472.602267120375
"GS","2006-05-30","HUD2006019","190",60.2905,-48.549667,2.72,470.782321758659
"GS","2006-05-31","HUD2006019","211",60.1785,-48.677,29.683,470.592304569237
"GS","2006-05-31","HUD2006019","211",60.1785,-48.677,2.555,470.737682141993
"HB","2007-05-12","HUD2007011","13",55.1038,-54.12465,0.589,474.543813575504
"HB","2007-05-12","HUD2007011","16",54.35,-54.866667,0.685,477.793068846411
"HB","2007-05-12","HUD2007011","17",54.483333,-54.733333,2.353,477.900913346322
"HB","2007-05-12","HUD2007011","20",54.7,-54.466667,0.466,469.763114593499
"HB","2007-05-13","HUD2007011","27",55.266667,-53.95,1.994,469.736221201651
"HB","2007-05-13","HUD2007011","35",55.416667,-53.816667,29.516,471.322944579752
"HB","2007-05-13","HUD2007011","35",55.416667,-53.816667,1.962,471.060993863013
"CLS","2007-05-14","HUD2007011","42",55.6,-53.616667,0.911,471.484986334554
"CLS","2007-05-14","HUD2007011","48",55.833333,-53.383333,0.75,472.219781214359
"CLS","2007-05-14","HUD2007011","54",56.1,-53.1,1.823,478.044554046614
"CLS","2007-05-14","HUD2007011","63",56.5,-52.7,29.554,477.152543645867
"CLS","2007-05-14","HUD2007011","63",56.5,-52.7,1.61,477.545299277218
"CLS","2007-05-14","HUD2007011","64",56.5,-52.7,1.906,475.080963999962
"CLS","2007-05-15","HUD2007011","74",56.95,-52.216667,0.847,475.32689855146
"CLS","2007-05-15","HUD2007011","83",57.366667,-51.783333,2.993,474.264886959009
"CLS","2007-05-15","HUD2007011","96",57.8,-51.3335,30.253,479.712265203355
"CLS","2007-05-15","HUD2007011","96",57.8,-51.3335,1.72,477.352786505288
"CLS","2007-05-15","HUD2007011","97",57.783333,-51.366667,3.081,475.184673541931
"CLS","2007-05-16","HUD2007011","112",58.2,-50.883333,1.217,479.945882096717
"CLS","2007-05-16","HUD2007011","123",58.633333,-50.416667,0.755,477.830413753976
"CLS","2007-05-16","HUD2007011","133",59.05,-49.933333,1.482,476.89105234915
"CLS","2007-05-16","HUD2007011","145",59.466667,-49.466667,29.771,473.97688001032
"CLS","2007-05-16","HUD2007011","145",59.466667,-49.466667,1.993,474.87151099789
"CLS","2007-05-16","HUD2007011","146",59.483333,-49.466667,1.213,474.228476328463
"CLS","2007-05-16","HUD2007011","154",59.75,-49.166833,1.213,472.074357794416
"CLS","2007-05-17","HUD2007011","160",59.966667,-48.883333,0.994,473.945223955193
"GS","2007-05-17","HUD2007011","172",60.166833,-48.666833,2.278,470.40391324182
"GS","2007-05-17","HUD2007011","175",60.433333,-48.35,30.784,468.926593148471
"GS","2007-05-17","HUD2007011","175",60.433333,-48.35,2.232,480.228124835022
"GS","2007-05-18","HUD2007011","182",60.25,-48.7,2.088,470.919796543274
"CLS","2007-05-21","HUD2007011","225",55.6,-53.616667,30.755,471.370457431508
"CLS","2007-05-21","HUD2007011","225",55.6,-53.616667,1.335,470.602393045602
"GS","2008-05-23","HUD2008009","37",60.175,-48.6835,16.175,478.115985217598
"GS","2008-05-23","HUD2008009","37",60.175,-48.6835,3.128,476.904600193921
"GS","2008-05-23","HUD2008009","45",60.2938,-48.5428,3.621,474.245489379787
"CLS","2008-05-25","HUD2008009","59",59.9833,-48.9002,2.837,478.042024593824
"CLS","2008-05-25","HUD2008009","68",59.756,-49.1682,27.602,484.09013014586
"CLS","2008-05-25","HUD2008009","68",59.756,-49.1682,3.937,483.020738588101
"CLS","2008-05-26","HUD2008009","77",59.4822,-49.4688,2.565,482.809563339667
"CLS","2008-05-26","HUD2008009","86",59.0698,-49.9543,3.363,482.075694950562
"CLS","2008-05-26","HUD2008009","96",58.6398,-50.4125,29.618,479.950004936509
"CLS","2008-05-26","HUD2008009","96",58.6398,-50.4125,3.216,479.074205783272
"CLS","2008-05-26","HUD2008009","108",58.2238,-50.8823,3.055,475.085792312056
"CLS","2008-05-27","HUD2008009","120",57.7998,-51.3408,3.871,482.287813682544
"CLS","2008-05-27","HUD2008009","129",57.3783,-51.7938,2.338,481.620646812649
"CLS","2008-05-27","HUD2008009","139",56.9563,-52.2368,29.89,482.098592715364
"CLS","2008-05-27","HUD2008009","139",56.9563,-52.2368,2.904,481.458531610903
"CLS","2008-05-27","HUD2008009","152",56.5357,-52.6805,3.657,482.802857759748
"CLS","2008-05-28","HUD2008009","161",56.1133,-53.1168,2.591,482.394973755768
"CLS","2008-05-28","HUD2008009","168",55.845,-53.3952,3.383,484.912742604078
"CLS","2008-05-28","HUD2008009","177",55.6117,-53.6323,3.353,483.539181649723
"HB","2008-05-28","HUD2008009","182",55.4183,-53.821,30.109,482.616638590784
"HB","2008-05-28","HUD2008009","182",55.4183,-53.821,2.509,479.024936100376
"HB","2008-05-28","HUD2008009","198",55.262,-53.9827,2.462,477.318076271927
"HB","2008-05-29","HUD2008009","203",55.1075,-54.1267,261.181,
"HB","2008-05-29","HUD2008009","203",55.1075,-54.1267,3.13,
"HB","2008-05-29","HUD2008009","207",54.9565,-54.2798,3.188,487.832922857046
"HB","2008-05-29","HUD2008009","211",54.7488,-54.4732,3.326,484.123235884841
"HB","2008-05-29","HUD2008009","217",54.2228,-55.0198,29.495,464.415974710274
"HB","2008-05-29","HUD2008009","220",53.987,-55.2523,3.494,480.927902376188
"HB","2008-05-29","HUD2008009","223",53.7972,-55.4377,3.565,477.127284605205
"CLS","2009-05-20","HUD2009015","27",59.7463,-49.1708,2.704,486.835240855746
"GS","2009-05-21","HUD2009015","36",60.1757,-48.6758,2.45,
"GS","2009-05-21","HUD2009015","39",60.3673,-48.456,2.211,484.686435435431
"GS","2009-05-21","HUD2009015","43",60.5667,-48.2282,1.126,489.785593594573
"GS","2009-05-21","HUD2009015","45",60.4455,-48.3638,1.236,487.720914929576
"GS","2009-05-21","HUD2009015","50",60.2912,-48.5417,2.177,485.596697932675
"CLS","2009-05-22","HUD2009015","55",59.9838,-48.9,1.714,487.575587890922
"CLS","2009-05-22","HUD2009015","62",59.4815,-49.4668,3.649,478.805049642874
"CLS","2009-05-22","HUD2009015","72",59.0657,-49.9487,30.142,
"CLS","2009-05-22","HUD2009015","72",59.0657,-49.9487,2.147,476.268515439364
"CLS","2009-05-22","HUD2009015","83",58.64,-50.4165,2.709,471.055096822283
"CLS","2009-05-23","HUD2009015","94",58.2158,-50.8797,3.114,472.198684240742
"CLS","2009-05-23","HUD2009015","103",57.799,-51.3303,2.308,474.164696923215
"CLS","2009-05-23","HUD2009015","111",57.3755,-51.7828,30.071,475.782688710591
"CLS","2009-05-23","HUD2009015","111",57.3755,-51.7828,4.243,473.713797304456
"CLS","2009-05-24","HUD2009015","122",56.9562,-52.2357,29.406,477.285022079262
"CLS","2009-05-24","HUD2009015","122",56.9562,-52.2357,5.352,477.639704888283
"CLS","2009-05-24","HUD2009015","135",56.542,-52.6767,3.912,470.928330965216
"CLS","2009-05-25","HUD2009015","146",56.1102,-53.101,2.306,472.389709936019
"CLS","2009-05-25","HUD2009015","154",55.8445,-53.395,1.324,479.909288646098
"CLS","2009-05-25","HUD2009015","162",55.6108,-53.6315,29.737,475.252121908372
"CLS","2009-05-25","HUD2009015","162",55.6108,-53.6315,2.517,475.369113323207
"HB","2009-05-26","HUD2009015","174",55.0555,-54.1535,2.498,477.671774644929
"HB","2009-05-26","HUD2009015","177",55.1098,-54.1373,3.065,478.61473522514
"HB","2009-05-26","HUD2009015","181",55.2622,-53.9828,3.144,480.978402035273
"HB","2009-05-26","HUD2009015","187",55.4175,-53.8308,31.889,
"HB","2009-05-26","HUD2009015","187",55.4175,-53.8308,4.686,479.115733861309
"CLS","2010-05-17","HUD2010014","16",57.8012,-51.341,2.504,475.029848646584
"CLS","2010-05-17","HUD2010014","27",58.2188,-50.8833,28.947,472.990503885985
"CLS","2010-05-17","HUD2010014","27",58.2188,-50.8833,1.921,472.34771013968
"CLS","2010-05-18","HUD2010014","47",58.6398,-50.4168,0.91,477.414787318555
"CLS","2010-05-18","HUD2010014","58",59.0642,-49.9495,2.055,478.743721063145
"GS","2010-05-19","HUD2010014","85",60.3602,-48.5445,1.625,479.718688752434
"GS","2010-05-19","HUD2010014","98",60.2773,-48.6393,1.304,477.169542469176
"GS","2010-05-19","HUD2010014","103",60.1757,-48.6738,1.926,472.951304631324
"CLS","2010-05-19","HUD2010014","114",60.0057,-48.8717,30.096,475.601108480514
"CLS","2010-05-19","HUD2010014","114",60.0057,-48.8717,1.835,477.053469056414
"CLS","2010-05-20","HUD2010014","129",59.4827,-49.4735,2.34,479.760545598089
"CLS","2010-05-21","HUD2010014","189",57.3747,-51.7927,1.952,477.400601314908
"CLS","2010-05-22","HUD2010014","196",56.9568,-52.24,1.529,473.16818660553
"CLS","2010-05-22","HUD2010014","202",56.5405,-52.6718,30.766,477.709482521895
"CLS","2010-05-22","HUD2010014","202",56.5405,-52.6718,3.729,477.35885531028
"CLS","2010-05-22","HUD2010014","212",56.113,-53.1197,2.694,475.897958052418
"CLS","2010-05-23","HUD2010014","219",55.8462,-53.3925,2.081,477.091514783969
"CLS","2010-05-23","HUD2010014","225",55.6105,-53.6315,3.061,477.604148399512
"HB","2010-05-23","HUD2010014","231",55.4198,-53.826,30.401,474.923168400627
"HB","2010-05-23","HUD2010014","231",55.4198,-53.826,3.545,477.474678696711
"HB","2010-05-23","HUD2010014","246",55.2623,-53.9823,2.671,474.766721639797
"HB","2010-05-24","HUD2010014","251",55.1053,-54.1272,3.224,477.513584075582
"HB","2010-05-24","HUD2010014","252",54.9562,-54.2967,3.108,478.041534747088
"HB","2010-05-24","HUD2010014","266",53.6825,-55.558,2.182,
"HB","2011-05-11","HUD2011009","23",55.1083,-54.1355,5.013,472.23185078009
"HB","2011-05-11","HUD2011009","33",55.342,-53.9232,1.572,472.688992301177
"HB","2011-05-12","HUD2011009","36",55.4228,-53.8123,1.41,472.269837648507
"CLS","2011-05-12","HUD2011009","40",55.6117,-53.6258,2.731,473.977345689421
"CLS","2011-05-12","HUD2011009","51",55.8513,-53.389,2.956,474.865647444619
"CLS","2011-05-13","HUD2011009","60",56.111,-53.108,2.649,474.56695610724
"CLS","2011-05-13","HUD2011009","69",56.5487,-52.6615,2.829,474.588523855499
"CLS","2011-05-13","HUD2011009","84",56.9618,-52.2247,1.958,473.765720791874
"CLS","2011-05-14","HUD2011009","104",57.5185,-51.6415,2.732,468.251369902915
"CLS","2011-05-14","HUD2011009","114",57.7995,-51.3402,2.863,478.249709965497
"GS","2011-05-17","HUD2011009","199",60.3707,-48.456,9.961,484.632497058588
"GS","2011-05-17","HUD2011009","204",60.293,-48.5457,2.831,482.250565847158
"GS","2011-05-17","HUD2011009","215",60.1805,-48.6745,2.714,477.395506451561
"HB","2011-05-21","HUD2011009","320",54.96,-54.2948,30.33,473.524376503406
"HB","2011-05-21","HUD2011009","320",54.96,-54.2948,2.339,469.232802565213
"HB","2011-05-21","HUD2011009","323",54.7595,-54.4877,3.184,470.534625466787
"HB","2011-05-21","HUD2011009","326",54.4903,-54.7575,2.592,482.191449161618
"HB","2011-05-21","HUD2011009","330",54.2198,-55.0247,3.492,480.001862713434
"HB","2011-05-21","HUD2011009","333",53.983,-55.2475,2.84,481.108604195239
"HB","2011-05-21","HUD2011009","337",53.7963,-55.4327,198.658,
"HB","2011-05-21","HUD2011009","337",53.7963,-55.4327,1.86,473.061752634291
"HB","2011-05-22","HUD2011009","340",53.6715,-55.5402,2.779,470.604090632203
"HB","2012-06-04","MLB2012001","5",53.6798,-55.5493,0.93,487.270802835273
"HB","2012-06-04","MLB2012001","8",53.7965,-55.4375,1.673,486.210058601095
"HB","2012-06-04","MLB2012001","11",53.987,-55.2517,2.801,486.525587701697
"HB","2012-06-04","MLB2012001","17",54.219,-55.018,2.741,485.408939107929
"HB","2012-06-04","MLB2012001","18",54.4908,-54.7568,0.439,486.258424993047
"HB","2012-06-04","MLB2012001","21",54.7595,-54.4838,1.267,483.072395548806
"HB","2012-06-04","MLB2012001","24",54.9568,-54.2963,-0.474,473.871913139067
"HB","2012-06-05","MLB2012001","27",55.1115,-54.1492,5.094,473.87435519828
"HB","2012-06-05","MLB2012001","37",55.2662,-53.9767,2.058,476.775475130353
"HB","2012-06-06","MLB2012001","40",55.421,-53.8263,1.887,480.50784855635
"CLS","2012-06-06","MLB2012001","43",55.6117,-53.6317,1.768,482.686426405527
"CLS","2012-06-06","MLB2012001","49",55.8437,-53.3935,1.861,481.322605825674
"CLS","2012-06-07","MLB2012001","53",56.1142,-53.113,2.841,480.165137662805
"CLS","2012-06-07","MLB2012001","61",56.579,-52.637,2.889,478.344001822013
"CLS","2012-06-07","MLB2012001","64",56.9557,-52.2382,2.345,478.731238752529
"CLS","2012-06-08","MLB2012001","70",57.3792,-51.7902,1.675,478.365561571612
"CLS","2012-06-08","MLB2012001","74",57.7998,-51.3432,0.432,480.306634951707
"CLS","2012-06-08","MLB2012001","79",58.2137,-50.8797,1.744,482.831308595011
"CLS","2012-06-09","MLB2012001","86",58.6408,-50.4178,2.441,478.576168106875
"CLS","2012-06-09","MLB2012001","91",59.4823,-49.476,2.266,
"CLS","2012-06-09","MLB2012001","100",59.75,-49.1645,2.373,478.142740935075
"CLS","2012-06-10","MLB2012001","103",59.9827,-48.9005,2.824,472.795892118698
"GS","2012-06-10","MLB2012001","104",60.1757,-48.6757,2.677,474.408567662463
"GS","2012-06-10","MLB2012001","112",60.5662,-48.228,2.405,475.34948679635
"GS","2012-06-10","MLB2012001","113",60.5918,-48.3648,2.489,476.219449818902
"GS","2012-06-10","MLB2012001","114",60.5942,-48.3778,2.907,474.015372798374
"GS","2012-06-11","MLB2012001","123",60.2903,-48.5428,0.214,473.582205044836
"CLS","2012-06-12","MLB2012001","131",57.9692,-51.1568,1.731,483.013738695008
"HB","2013-05-11","HUD2013008","20",55.2615,-53.9837,2.642,486.774215794722
"HB","2013-05-11","HUD2013008","24",55.1122,-54.1385,1.966,490.684092643639
"HB","2013-05-12","HUD2013008","31",55.42,-53.826,2.403,481.262844908933
"CLS","2013-05-12","HUD2013008","34",55.61,-53.6313,1.388,472.69064774444
"CLS","2013-05-13","HUD2013008","42",55.8502,-53.4165,2.861,475.511870272763
"CLS","2013-05-13","HUD2013008","46",56.1128,-53.1153,3.91,473.023874528992
"CLS","2013-05-13","HUD2013008","50",56.5383,-52.678,28.847,473.792708961506
"CLS","2013-05-13","HUD2013008","50",56.5383,-52.678,2.92,475.613026746724
"CLS","2013-05-13","HUD2013008","54",56.9573,-52.2337,4.493,475.31266387857
"CLS","2013-05-14","HUD2013008","63",57.3793,-51.7945,3.413,
"CLS","2013-05-14","HUD2013008","71",57.8002,-51.3363,29.377,474.125146229041
"CLS","2013-05-14","HUD2013008","71",57.8002,-51.3363,1.9,471.959935353857
"CLS","2013-05-14","HUD2013008","91",58.2218,-50.8748,3.337,481.256205972042
"CLS","2013-05-15","HUD2013008","101",58.6397,-50.4155,2.998,473.606849461584
"CLS","2013-05-15","HUD2013008","118",59.0693,-49.9467,29.102,472.972611185172
"CLS","2013-05-15","HUD2013008","118",59.0693,-49.9467,2.761,473.829391229169
"CLS","2013-05-15","HUD2013008","126",59.4777,-49.476,0.833,483.514344972357
"CLS","2013-05-16","HUD2013008","131",59.7498,-49.1663,3.163,479.829953862509
"CLS","2013-05-16","HUD2013008","137",59.9795,-48.9003,2.201,488.65836755225
"GS","2013-05-16","HUD2013008","147",60.5878,-48.2287,29.627,488.855661629577
"GS","2013-05-16","HUD2013008","147",60.5878,-48.2287,2.231,491.694293026268
"GS","2013-05-16","HUD2013008","150",60.451,-48.3682,2.915,487.422445638496
"GS","2013-05-16","HUD2013008","151",60.3565,-48.4753,3.393,489.855663849069
"GS","2013-05-17","HUD2013008","159",60.2897,-48.5415,1.75,487.602036165481
"CLS","2013-05-18","HUD2013008","164",57.8182,-51.3035,30.622,476.562441579262
"CLS","2013-05-18","HUD2013008","164",57.8182,-51.3035,3.254,477.039456372163
"CLS","2013-05-19","HUD2013008","169",56.6422,-52.5705,2.855,473.055244561868
"HB","2013-05-19","HUD2013008","177",55.0048,-54.204,3.382,485.180732001027
"CLS","2014-05-07","HUD2014007","25",56.96,-52.2375,1.744,471.201398233486
"CLS","2014-05-07","HUD2014007","29",57.3803,-51.7925,2.556,475.958756531002
"CLS","2014-05-07","HUD2014007","33",57.7957,-51.3347,28.951,472.271292414614
"CLS","2014-05-07","HUD2014007","33",57.7957,-51.3347,1.669,472.093203727533
"CLS","2014-05-07","HUD2014007","37",57.7997,-51.3327,3.699,471.247180251242
"CLS","2014-05-08","HUD2014007","40",58.2172,-50.884,3.327,476.151560552617
"CLS","2014-05-08","HUD2014007","43",58.6395,-50.4197,2.353,477.759761578413
"CLS","2014-05-08","HUD2014007","47",59.0698,-49.9388,29.516,478.379894061925
"CLS","2014-05-08","HUD2014007","47",59.0698,-49.9388,1.118,478.478723467492
"CLS","2014-05-08","HUD2014007","54",59.4825,-49.4733,3.993,475.251799492532
"CLS","2014-05-09","HUD2014007","58",59.982,-48.891,3.44,478.989319367105
"GS","2014-05-09","HUD2014007","62",60.45,-48.3625,1.904,477.956840455469
"GS","2014-05-09","HUD2014007","65",60.57,-48.229,1.674,481.716581329976
"GS","2014-05-09","HUD2014007","67",60.5077,-48.2927,30.44,479.68407057822
"GS","2014-05-09","HUD2014007","67",60.5077,-48.2927,1.881,480.387120238596
"GS","2014-05-09","HUD2014007","73",60.3577,-48.4582,2.224,472.374988843887
"GS","2014-05-10","HUD2014007","77",60.2907,-48.5413,3.511,472.737287464545
"GS","2014-05-10","HUD2014007","81",60.1788,-48.6712,4.479,477.92053871394
"CLS","2014-05-10","HUD2014007","86",59.7465,-49.1602,30.261,472.955991064566
"CLS","2014-05-10","HUD2014007","86",59.7465,-49.1602,2.217,470.402738787148
"CLS","2014-05-11","HUD2014007","96",57.5865,-51.5723,31.172,472.049749110281
"CLS","2014-05-11","HUD2014007","96",57.5865,-51.5723,3.008,472.757712852916
"CLS","2014-05-11","HUD2014007","101",56.7395,-52.4547,3.661,475.928751706557
"CLS","2014-05-12","HUD2014007","102",56.5403,-52.6763,3.938,474.362761052103
"CLS","2014-05-12","HUD2014007","104",56.1087,-53.1177,1.991,472.807174554612
"CLS","2014-05-12","HUD2014007","105",55.9783,-53.2502,2.721,471.916847545033
"CLS","2014-05-12","HUD2014007","106",55.8458,-53.3932,4.788,469.671329250342
"CLS","2014-05-12","HUD2014007","107",55.7305,-53.5105,2.74,472.222895274142
"CLS","2014-05-12","HUD2014007","108",55.6125,-53.6338,4.427,470.36454780095
"HB","2014-05-13","HUD2014007","109",55.419,-53.825,4.56,470.952937324026
"HB","2014-05-13","HUD2014007","110",55.1135,-54.1308,3.266,467.485470499422
"HB","2014-05-13","HUD2014007","113",54.9577,-54.2815,3.832,467.815488640507
"HB","2014-05-13","HUD2014007","117",54.7578,-54.4777,1.668,469.181483369798
"HB","2014-05-13","HUD2014007","120",54.487,-54.7505,29.694,470.721275325592
"HB","2014-05-13","HUD2014007","120",54.487,-54.7505,2.943,471.269494027241
"HB","2014-05-13","HUD2014007","129",54.0213,-55.1978,3.532,468.710074745053
"HB","2014-05-14","HUD2014007","134",55.262,-53.9775,2.272,473.426150412619
"HB","2014-05-14","HUD2014007","137",55.3428,-53.9015,29.657,472.90883791061
"HB","2014-05-14","HUD2014007","137",55.3428,-53.9015,2.282,472.821491891484
"CLS","2014-05-15","HUD2014007","144",55.6692,-53.569,3.807,470.54251287975
"CLS","2015-05-09","HUD2015006","16",56.1098,-53.1173,2.305,476.884211300492
"CLS","2015-05-09","HUD2015006","29",56.54,-52.6788,33.84,479.13144465094
"CLS","2015-05-09","HUD2015006","29",56.54,-52.6788,3.376,476.529485720432
"CLS","2015-05-09","HUD2015006","44",57.3803,-51.7913,2.398,480.724358055748
"CLS","2015-05-10","HUD2015006","55",57.8008,-51.3437,2.589,480.076098117795
"CLS","2015-05-10","HUD2015006","69",58.6388,-50.4173,3.181,480.121589385479
"CLS","2015-05-10","HUD2015006","76",58.8497,-50.185,30.767,481.294755735145
"CLS","2015-05-10","HUD2015006","76",58.8497,-50.185,1.836,478.328200155425
"CLS","2015-05-10","HUD2015006","82",59.0702,-49.9495,2.782,484.674591801462
"CLS","2015-05-11","HUD2015006","91",59.4803,-49.4743,3.073,482.82846444943
"CLS","2015-05-11","HUD2015006","104",59.9777,-48.9013,31.49,482.098833797201
"CLS","2015-05-11","HUD2015006","104",59.9777,-48.9013,2.726,484.70345358185
"GS","2015-05-11","HUD2015006","113",60.57,-48.2295,2.993,485.375547398028
"GS","2015-05-12","HUD2015006","116",60.4497,-48.362,3.479,481.826286396761
"GS","2015-05-12","HUD2015006","119",60.3592,-48.4665,2.807,483.097779208093
"GS","2015-05-12","HUD2015006","122",60.2897,-48.5415,2.488,482.123995129845
"GS","2015-05-12","HUD2015006","125",60.1802,-48.6703,1.929,480.993906525918
"CLS","2015-05-12","HUD2015006","131",59.9783,-48.8997,2.06,483.775144439724
"CLS","2015-05-13","HUD2015006","134",59.7495,-49.1673,3.055,482.559924145219
"CLS","2015-05-13","HUD2015006","141",58.2165,-50.8797,30.486,484.270913068256
"CLS","2015-05-13","HUD2015006","141",58.21654,-50.87978,,480.506348989942
"CLS","2015-05-14","HUD2015006","147",57.175,-52.0053,30.772,481.300169128895
"CLS","2015-05-14","HUD2015006","147",57.175,-52.0053,2.159,484.43455955213
"CLS","2015-05-14","HUD2015006","152",56.96,-52.2273,2.708,486.059335069016
"CLS","2015-05-14","HUD2015006","155",56.333,-52.895,3.895,485.181224599296
"CLS","2015-05-15","HUD2015006","159",55.8502,-53.3923,2.063,478.468167391504
"HB","2015-05-15","HUD2015006","163",55.4212,-53.8265,1.527,476.351669057614
"HB","2015-05-15","HUD2015006","168",55.1903,-54.047,30.282,475.312906196467
"HB","2015-05-15","HUD2015006","168",55.1903,-54.047,2.868,475.357141309249
"HB","2015-05-16","HUD2015006","177",55.111,-54.1367,2.165,474.63719978337
"HB","2015-05-16","HUD2015006","180",55.2608,-53.997,3.085,472.47713276054
"CLS","2015-05-16","HUD2015006","184",55.6082,-53.6223,2.507,478.024592091811
"CLS","2015-05-16","HUD2015006","190",55.7328,-53.4948,30.012,479.675792351871
"CLS","2015-05-16","HUD2015006","190",55.7328,-53.4948,2.163,477.843072180561
"HB","2016-05-07","HUD2016006","42",55.4145,-53.8185,2.14,476.302308192273
"HB","2016-05-07","HUD2016006","45",55.2672,-53.9517,2.875,475.614558826079
"HB","2016-05-07","HUD2016006","51",55.188,-53.9748,29.546,477.095941036576
"HB","2016-05-07","HUD2016006","51",55.188,-53.9748,2.771,474.323529262042
"CLS","2016-05-08","HUD2016006","59",55.8455,-53.3912,2.993,476.956190652988
"CLS","2016-05-08","HUD2016006","62",56.1098,-53.1115,2.294,474.980369970944
"CLS","2016-05-08","HUD2016006","69",56.326,-52.8927,30.507,478.553113004829
"CLS","2016-05-08","HUD2016006","69",56.326,-52.8927,2.142,474.919747646036
"CLS","2016-05-08","HUD2016006","77",56.537,-52.6722,2.12,476.541611597608
"CLS","2016-05-09","HUD2016006","85",56.957,-52.2368,2.677,477.512064367934
"CLS","2016-05-09","HUD2016006","87",57.1708,-52.0073,30.08,477.000725193246
"CLS","2016-05-09","HUD2016006","87",57.1708,-52.0073,4.024,476.73157025183
"CLS","2016-05-10","HUD2016006","94",59.0667,-49.9532,1.862,476.018625278217
"CLS","2016-05-10","HUD2016006","99",59.276,-49.7105,31.167,473.514019540772
"CLS","2016-05-10","HUD2016006","99",59.276,-49.7105,4.621,476.236685935105
"CLS","2016-05-10","HUD2016006","106",59.481,-49.4853,4.745,473.515299877547
"CLS","2016-05-11","HUD2016006","108",59.7533,-49.1602,1.643,474.689966309791
"CLS","2016-05-11","HUD2016006","110",59.983,-48.8992,2.866,473.339023029586
"GS","2016-05-11","HUD2016006","111",60.175,-48.6747,4.568,473.644927929947
"GS","2016-05-11","HUD2016006","115",60.4627,-48.3927,3.794,483.9872408211
"GS","2016-05-11","HUD2016006","120",60.6477,-48.1547,29.07,484.97283588996
"GS","2016-05-11","HUD2016006","120",60.6477,-48.1547,3.404,483.539296094433
"GS","2016-05-11","HUD2016006","126",60.5728,-48.2373,4.417,483.164769085443
"GS","2016-05-11","HUD2016006","130",60.3613,-48.4452,2.328,478.531108914657
"GS","2016-05-12","HUD2016006","135",60.2982,-48.5543,2.598,
"CLS","2016-05-13","HUD2016006","165",58.642,-50.416,2.563,470.821901652891
"CLS","2016-05-13","HUD2016006","171",58.429,-50.6493,4.61,477.813590905318
"CLS","2016-05-13","HUD2016006","180",58.2055,-50.892,4.493,477.103395540028
"CLS","2016-05-13","HUD2016006","191",57.7842,-51.2832,3.529,478.209990947733
"CLS","2016-05-14","HUD2016006","203",57.377,-51.7902,2.334,477.780668455587
"HB","2016-05-15","HUD2016006","230",55.1138,-54.1403,2.708,476.735731430316
"HB","2016-05-15","HUD2016006","231",54.957,-54.2975,3.428,474.381644712051
"HB","2016-05-15","HUD2016006","237",54.7528,-54.479,29.823,479.510016984498
"HB","2016-05-15","HUD2016006","237",54.7528,-54.479,4.19,477.883399140018
"CLS","2018-05-03","HUD2018008","45",56.1147,-53.1142,3.004,470.799107562398
"CLS","2018-05-03","HUD2018008","48",55.9772,-53.2578,29.692,476.674770719454
"CLS","2018-05-03","HUD2018008","48",55.9772,-53.2578,3.536,472.591206458375
"CLS","2018-05-03","HUD2018008","51",55.8357,-53.3972,4.858,473.325540465143
"CLS","2018-05-04","HUD2018008","54",55.6103,-53.6277,1.883,468.302409436108
"HB","2018-05-04","HUD2018008","58",55.2623,-53.9895,1.969,472.874596789769
"HB","2018-05-04","HUD2018008","65",55.1172,-54.075,24.603,477.210829369826
"HB","2018-05-04","HUD2018008","65",55.1172,-54.075,2.646,477.465383410086
"HB","2018-05-04","HUD2018008","72",54.9468,-54.2712,12.189,471.838023387766
"HB","2018-05-05","HUD2018008","75",55.422,-53.8357,1.489,473.083603679113
"CLS","2018-05-05","HUD2018008","83",56.545,-52.6807,3.375,
"CLS","2018-05-06","HUD2018008","91",56.9568,-52.239,1.814,477.899019906271
"CLS","2018-05-06","HUD2018008","100",57.3775,-51.7847,1.677,474.203995766994
"CLS","2018-05-06","HUD2018008","108",57.806,-51.3432,30.574,471.031180252358
"CLS","2018-05-06","HUD2018008","108",57.806,-51.3432,3.783,470.632690860024
"CLS","2018-05-06","HUD2018008","118",58.2158,-50.8832,2.581,474.020772131529
"CLS","2018-05-07","HUD2018008","122",58.6387,-50.4282,2.639,474.776287235103
"CLS","2018-05-07","HUD2018008","133",59.4832,-49.466,2.5,479.11522449158
"CLS","2018-05-07","HUD2018008","129",59.3982,-49.6227,35.216,478.36451109438
"CLS","2018-05-07","HUD2018008","129",59.3982,-49.6227,4.022,476.934043984343
"CLS","2018-05-07","HUD2018008","141",59.744,-49.1693,1.543,474.354659723974
"CLS","2018-05-08","HUD2018008","148",59.9808,-48.8963,2.887,486.398922651505
"GS","2018-05-08","HUD2018008","154",60.2912,-48.5445,3.135,485.005328575693
"GS","2018-05-08","HUD2018008","158",60.447,-48.3612,21.127,486.860291261481
"GS","2018-05-08","HUD2018008","158",60.447,-48.3612,3.833,487.252311794598
"GS","2018-05-08","HUD2018008","159",60.6612,-48.1398,3.519,486.627086171568
"GS","2018-05-08","HUD2018008","160",60.5627,-48.2517,1.972,485.144798624666
"GS","2018-05-09","HUD2018008","169",60.3642,-48.4503,1.785,484.698872479141
"GS","2018-05-09","HUD2018008","176",60.1748,-48.6863,3.547,485.757011298498
"CLS","2018-05-09","HUD2018008","177",59.8342,-49.186,25.887,477.026764724981
"CLS","2018-05-09","HUD2018008","177",59.8342,-49.186,3.995,474.453323152252
"CLS","2018-05-09","HUD2018008","180",59.0685,-49.9507,9.805,476.513160358733
"HB","2019-06-10","AMU2019001","15",53.6775,-55.5528,31.176,478.758744762153
"HB","2019-06-10","AMU2019001","15",53.6775,-55.5528,2.702,480.408056623237
"HB","2019-06-10","AMU2019001","19",53.7937,-55.4368,29.811,479.751871789065
"HB","2019-06-10","AMU2019001","19",53.7937,-55.4368,10.784,478.021409547914
"HB","2019-06-10","AMU2019001","19",53.7937,-55.4368,3.694,477.261151245184
"HB","2019-06-10","AMU2019001","23",53.9868,-55.2517,29.896,
"HB","2019-06-10","AMU2019001","23",53.9868,-55.2517,9.937,487.988664079497
"HB","2019-06-10","AMU2019001","23",53.9868,-55.2517,4.065,486.221268223857
"HB","2019-06-10","AMU2019001","27",54.2192,-55.0242,30.238,481.476928440986
"HB","2019-06-10","AMU2019001","27",54.2192,-55.0242,5.969,483.93292852971
"CLS","2019-06-11","AMU2019001","50",55.6082,-53.6315,60.978,478.92364622511
"CLS","2019-06-11","AMU2019001","50",55.6082,-53.6315,30.2,477.752125820645
"CLS","2019-06-11","AMU2019001","50",55.6082,-53.6315,10.907,479.149641067804
"CLS","2019-06-11","AMU2019001","50",55.6082,-53.6315,4.653,480.798120260994
"CLS","2019-06-11","AMU2019001","64",55.8445,-53.3913,51.082,496.91668680731
"CLS","2019-06-11","AMU2019001","64",55.8445,-53.3913,25.641,483.707584885328
"CLS","2019-06-11","AMU2019001","64",55.8445,-53.3913,5.128,480.051642134474
"CLS","2019-06-12","AMU2019001","76",56.1108,-53.1217,49.246,479.837370275537
"CLS","2019-06-12","AMU2019001","76",56.1108,-53.1217,25.131,478.863411379893
"CLS","2019-06-12","AMU2019001","76",56.1108,-53.1217,3.617,478.741407323743
"CLS","2019-06-12","AMU2019001","91",56.5367,-52.6785,51.189,475.174170895077
"CLS","2019-06-12","AMU2019001","91",56.5367,-52.6785,24.962,478.022060652783
"CLS","2019-06-12","AMU2019001","91",56.5367,-52.6785,3.917,477.862178808264
"CLS","2019-06-12","AMU2019001","99",56.8142,-52.3913,59.441,474.983396462954
"CLS","2019-06-12","AMU2019001","99",56.8142,-52.3913,30.045,476.527384530338
"CLS","2019-06-12","AMU2019001","99",56.8142,-52.3913,21.546,475.240541231194
"CLS","2019-06-12","AMU2019001","99",56.8142,-52.3913,3.041,474.859669724718
"CLS","2019-06-12","AMU2019001","100",56.959,-52.2412,51.597,477.842003405543
"CLS","2019-06-12","AMU2019001","100",56.959,-52.2412,24.03,472.410512386741
"CLS","2019-06-12","AMU2019001","100",56.959,-52.2412,4.148,475.505903837552
"CLS","2019-06-13","AMU2019001","106",57.3787,-51.7853,50.648,479.046289609004
"CLS","2019-06-13","AMU2019001","106",57.3787,-51.7853,24.987,477.011722921104
"CLS","2019-06-13","AMU2019001","106",57.3787,-51.7853,4.921,478.104077244176
"CLS","2019-06-13","AMU2019001","113",57.8022,-51.3508,49.995,473.072289811062
"CLS","2019-06-13","AMU2019001","113",57.8022,-51.3508,24.418,477.889966064874
"CLS","2019-06-13","AMU2019001","113",57.8022,-51.3508,8.416,476.954422312181
"CLS","2019-06-14","AMU2019001","130",58.2178,-50.8873,50.258,467.29312388194
"CLS","2019-06-14","AMU2019001","130",58.2178,-50.8873,25.444,473.515000606048
"CLS","2019-06-14","AMU2019001","130",58.2178,-50.8873,4.429,470.301818556893
"CLS","2019-06-14","AMU2019001","137",58.4318,-50.6965,59.549,475.701437517834
"CLS","2019-06-14","AMU2019001","137",58.4318,-50.6965,30.012,475.454391003609
"CLS","2019-06-14","AMU2019001","137",58.4318,-50.6965,19.786,472.078035904183
"CLS","2019-06-14","AMU2019001","137",58.4318,-50.6965,4.282,473.710101368974
"CLS","2019-06-14","AMU2019001","143",58.6393,-50.42,24.954,480.125925476976
"CLS","2019-06-14","AMU2019001","143",58.6393,-50.42,4.501,478.970368063328
"CLS","2019-06-15","AMU2019001","159",59.0678,-49.9492,49.369,458.743991750835
"CLS","2019-06-15","AMU2019001","159",59.0678,-49.9492,25.522,473.016033904927
"CLS","2019-06-15","AMU2019001","159",59.0678,-49.9492,3.382,477.231094428177
"CLS","2019-06-15","AMU2019001","173",59.481,-49.474,49.829,475.979414027976
"CLS","2019-06-15","AMU2019001","173",59.481,-49.474,24.721,474.58403354488
"CLS","2019-06-15","AMU2019001","173",59.481,-49.474,4.417,473.850396326851
"CLS","2019-06-15","AMU2019001","181",59.7495,-49.1653,59.955,476.553741222376
"CLS","2019-06-15","AMU2019001","181",59.7495,-49.1653,29.798,473.486585276511
"CLS","2019-06-15","AMU2019001","181",59.7495,-49.1653,19.861,471.107785135215
"CLS","2019-06-15","AMU2019001","181",59.7495,-49.1653,4.345,471.134644587937
"GS","2019-06-16","AMU2019001","188",60.1742,-48.678,30.414,472.152266515081
"GS","2019-06-16","AMU2019001","188",60.1742,-48.678,20.151,476.450775997175
"GS","2019-06-16","AMU2019001","188",60.1742,-48.678,2.945,475.717573587384
"GS","2019-06-16","AMU2019001","202",60.4477,-48.3645,60.517,457.769688521904
"GS","2019-06-16","AMU2019001","202",60.4477,-48.3645,30.462,474.29500855649
"GS","2019-06-16","AMU2019001","202",60.4477,-48.3645,3.458,481.901073830152
"GS","2019-06-16","AMU2019001","210",60.5633,-48.2258,60.396,477.516682786867
"GS","2019-06-16","AMU2019001","210",60.5633,-48.2258,30.65,480.821316949658
"GS","2019-06-16","AMU2019001","210",60.5633,-48.2258,19.921,482.909552915556
"GS","2019-06-16","AMU2019001","210",60.5633,-48.2258,3.515,479.195687105765
"GS","2019-06-17","AMU2019001","217",60.3717,-48.4175,10.922,483.160383335503
"GS","2019-06-17","AMU2019001","217",60.3717,-48.4175,2.901,474.669648063269
"GS","2019-06-17","AMU2019001","222",60.2925,-48.5502,29.837,476.339716127681
"GS","2019-06-17","AMU2019001","222",60.2925,-48.5502,18.18,474.880799828862
"GS","2019-06-17","AMU2019001","222",60.2925,-48.5502,3.209,473.398632358419
"CLS","2019-06-17","AMU2019001","226",59.9835,-48.8977,51.113,477.256998732445
"CLS","2019-06-17","AMU2019001","226",59.9835,-48.8977,25.275,473.567587085068
"CLS","2019-06-17","AMU2019001","226",59.9835,-48.8977,2.856,472.700299102622
"HB","2019-06-20","AMU2019001","323",55.418,-53.8272,30.424,474.364304619381
"HB","2019-06-20","AMU2019001","323",55.418,-53.8272,20.958,477.849080507785
"HB","2019-06-20","AMU2019001","328",55.2632,-53.995,19.808,477.244451198018
"HB","2019-06-20","AMU2019001","328",55.2632,-53.995,3.407,474.721054663688
"HB","2019-06-21","AMU2019001","332",55.1127,-54.1412,3.459,473.390546979981
"HB","2019-06-21","AMU2019001","336",54.957,-54.3065,30.16,481.193066877487
"HB","2019-06-21","AMU2019001","336",54.957,-54.3065,10.023,479.052933319815
"HB","2019-06-21","AMU2019001","336",54.957,-54.3065,3.667,476.486884806491
"HB","2019-06-21","AMU2019001","340",54.7632,-54.4915,29.991,480.700702612534
"HB","2019-06-21","AMU2019001","340",54.7632,-54.4915,20.383,484.918214461497
"HB","2019-06-21","AMU2019001","340",54.7632,-54.4915,3.451,481.076224522305
"HB","2019-06-21","AMU2019001","345",54.4902,-54.7588,59.516,473.259500080884
"HB","2019-06-21","AMU2019001","345",54.4902,-54.7588,30.296,489.066006503067
"HB","2019-06-21","AMU2019001","345",54.4902,-54.7588,3.219,471.695693694185
"HB","2020-07-28","AMU2020001","-999",55.12163,-54.119725,0,475.129190203361
"HB","2020-07-29","AMU2020001","-999",53.8546733333333,-55.3805,0,469.346091591733
"HB","2020-07-29","AMU2020001","36",54.4905,-54.7628,3.165,472.151538992969
"HB","2020-07-29","AMU2020001","40",53.9893,-55.2487,3.274,473.118741527176
"HB","2020-07-29","AMU2020001","44",53.6653,-55.5507,2.943,471.317274681046
"HB","2020-07-29","AMU2020001","48",53.7995,-55.4313,3.289,471.113047941536
"HB","2020-07-29","AMU2020001","49",54.2215,-55.0213,3.251,471.800127532109
"HB","2020-07-30","AMU2020001","-999",55.2346816666667,-54.0220033333333,0,471.863277814171
"HB","2020-07-30","AMU2020001","53",54.7617,-54.487,3.241,473.133681171296
"HB","2020-07-30","AMU2020001","57",54.9552,-54.2925,3.585,477.015949664756
"HB","2020-07-30","AMU2020001","61",55.1095,-54.1357,2.772,470.460305993696
"HB","2020-07-30","AMU2020001","66",55.2628,-53.9923,3.246,470.728332204002
"HB","2020-07-31","AMU2020001","70",55.4218,-53.826,3.114,471.221839773367
"CLS","2020-07-31","AMU2020001","74",55.6135,-53.6273,2.704,471.474556626393
"CLS","2020-07-31","AMU2020001","79",55.8437,-53.3905,2.932,471.473426392363
"CLS","2020-08-01","AMU2020001","-999",56.6309333333333,-52.6229983333333,0,463.112146893211
"CLS","2020-08-01","AMU2020001","83",56.1188,-53.1217,2.982,470.674595926464
"CLS","2020-08-01","AMU2020001","88",56.5372,-52.6717,3.005,470.151817072313
"CLS","2020-08-01","AMU2020001","93",56.956,-52.2352,3.15,469.155400759007
"CLS","2020-08-02","AMU2020001","99",57.3753,-51.7928,2.734,471.481631710127
"CLS","2020-08-02","AMU2020001","106",57.7998,-51.3397,2.673,468.374464635921
"CLS","2020-08-03","AMU2020001","109",58.1978,-50.8717,3.675,470.801080791729
"CLS","2020-08-04","AMU2020001","118",58.6315,-50.41,3.2,471.685946075021
"CLS","2020-08-04","AMU2020001","120",59.0615,-49.9583,3.562,470.611805914313
"CLS","2020-08-05","AMU2020001","124",59.4848,-49.4797,2.732,469.671767403146
"CLS","2020-08-05","AMU2020001","128",59.7475,-49.1698,3.283,471.476398219503
"CLS","2020-08-05","AMU2020001","132",59.985,-48.8995,2.72,472.112249387061
"GS","2020-08-06","AMU2020001","136",60.1727,-48.6782,2.461,474.699691727713
"GS","2020-08-06","AMU2020001","140",60.4477,-48.3552,3.073,477.811680725154
"GS","2020-08-06","AMU2020001","143",60.6088,-48.1807,2.499,472.145408912797
"GS","2020-08-06","AMU2020001","147",60.5718,-48.233,1.845,475.888957322855
"GS","2020-08-06","AMU2020001","151",60.372,-48.4582,3.024,472.40419360166
"GS","2020-08-06","AMU2020001","155",60.2875,-48.544,2.431,478.253098991912
"HB","2022-05-10","AT4805","",55.17207473,-54.06158992,5,477.736001151462
"HB","2022-05-10","AT4805","31",55.1097,-54.1367,2.286,467.960465517479
"HB","2022-05-10","AT4805","38",55.262,-53.9997,5.663,475.408917995737
"CLS","2022-05-11","AT4805","",56.09260378,-53.1383388,5,480.857952341165
"CLS","2022-05-11","AT4805","40",55.612,-53.632,5.546,478.035917322889
"CLS","2022-05-11","AT4805","45",55.9773,-53.2578,29.581,478.315910443608
"CLS","2022-05-11","AT4805","45",55.9773,-53.2578,3.445,478.147848905701
"CLS","2022-05-11","AT4805","50",56.1152,-53.1193,5.432,484.566573206869
"CLS","2022-05-12","AT4805","",57.64046738,-51.50810328,5,479.834277803099
"CLS","2022-05-12","AT4805","54",56.9573,-52.2365,2.748,481.822269572333
"CLS","2022-05-12","AT4805","64",57.7908,-51.3488,3.689,482.03114702903
"CLS","2022-05-13","AT4805","",57.86280878,-51.28687723,5,478.459646667399
"CLS","2022-05-14","AT4805","",59.28136392,-49.69581257,5,477.17593207541
"CLS","2022-05-14","AT4805","71",58.6398,-50.4,2.78,477.473622288483
"CLS","2022-05-14","AT4805","74",59.2623,-49.7205,30.617,480.066367388263
"CLS","2022-05-14","AT4805","74",59.2623,-49.7205,2.996,481.389578255284
"CLS","2022-05-14","AT4805","80",59.4835,-49.4785,3.734,479.699615030819
"GS","2022-05-15","AT4805","",60.61070707,-48.20367085,5,485.022660403972
"CLS","2022-05-15","AT4805","84",59.9835,-48.8977,3.191,483.122966216932
"GS","2022-05-15","AT4805","88",60.5673,-48.2243,30.14,484.621396157796
"GS","2022-05-15","AT4805","88",60.5673,-48.2243,3.462,484.558590772738
"GS","2022-05-15","AT4805","94",60.6172,-48.2005,3.928,487.085982437995
"GS","2022-05-15","AT4805","98",60.447,-48.365,2.684,482.337048339604
"GS","2022-05-16","AT4805","",60.11200142,-48.74490705,5,474.762612118618
"GS","2022-05-16","AT4805","100",60.3672,-48.4605,4.282,486.354252301253
"GS","2022-05-16","AT4805","105",60.2947,-48.5485,2.627,482.929573035855
"GS","2022-05-16","AT4805","111",60.1738,-48.6728,2.709,474.917873321222
"CLS","2022-05-17","AT4805","",58.85280147,-50.18635467,5,476.48363009411
"CLS","2022-05-17","AT4805","115",59.7513,-49.167,6.543,483.757852865002
"CLS","2022-05-17","AT4805","124",59.0657,-49.9567,2.273,479.55197407103
"CLS","2022-05-18","AT4805","",57.35538787,-51.81908973,5,478.316844849898
"CLS","2022-05-18","AT4805","129",58.217,-50.8842,6.479,475.236779695038
"CLS","2022-05-18","AT4805","138",57.3773,-51.7887,29.549,481.184960253862
"CLS","2022-05-18","AT4805","138",57.3773,-51.7887,2.282,478.323028607467
"CLS","2022-05-18","AT4805","139",57.3808,-51.7887,2.882,478.797428606475
"CLS","2022-05-19","AT4805","",55.81146282,-53.42618282,5,480.758251692912
"CLS","2022-05-19","AT4805","156",55.8457,-53.3925,2.26,484.482613152962
"HB","2022-05-19","AT4805","166",55.4217,-53.8137,3.054,473.496212061759
"HB","2022-05-20","AT4805","",54.17023162,-55.054027,5,490.700602894652
"HB","2022-05-20","AT4805","168",55.033,-54.2163,3.944,491.97798448288
"HB","2022-05-20","AT4805","169",54.9555,-54.2962,4.12,491.389807093866
"HB","2022-05-20","AT4805","175",54.747,-54.4923,2.799,484.365145954914
"HB","2022-05-20","AT4805","179",54.4897,-54.7492,29.903,492.283722015014
"HB","2022-05-20","AT4805","179",54.4897,-54.7492,3.303,490.646968414199
"HB","2022-05-20","AT4805","180",54.2202,-55.0243,2.344,489.539297908914
"HB","2022-05-20","AT4805","187",53.9783,-55.2555,2.947,487.597499433717
"CLS","2023-05-26","CAR2023573","6",55.602,-53.6222,2.274,475.064540712701
"CLS","2023-05-27","CAR2023573","",56.25663333,-52.97091667,5,476.980763032995
"CLS","2023-05-27","CAR2023573","10",55.8397,-53.3998,1.782,476.538305681674
"CLS","2023-05-27","CAR2023573","14",56.1082,-53.1047,1.881,478.050545426806
"CLS","2023-05-28","CAR2023573","",57.18271667,-52.01126667,5,481.486468415419
"CLS","2023-05-28","CAR2023573","18",56.5323,-52.6668,2.752,478.1793636745
"CLS","2023-05-28","CAR2023573","23",56.9517,-52.2255,2.317,478.319274141253
"CLS","2023-05-29","CAR2023573","",58.04616667,-51.07313333,5,478.381867189714
"CLS","2023-05-29","CAR2023573","31",57.7925,-51.325,1.934,477.971792256135
"CLS","2023-05-29","CAR2023573","35",58.2197,-50.8738,1.197,475.812878836727
"CLS","2023-05-30","CAR2023573","",58.86928333,-50.17228333,5,483.342931650503
"CLS","2023-05-30","CAR2023573","40",58.6343,-50.4065,2.147,479.439661463147
"CLS","2023-05-30","CAR2023573","44",59.0668,-49.9403,2.325,484.770043827828
"CLS","2023-05-31","CAR2023573","",59.87208333,-48.99568333,5,477.522227691474
"CLS","2023-05-31","CAR2023573","48",59.4718,-49.4703,2.476,484.27760245186
"CLS","2023-05-31","CAR2023573","52",59.7462,-49.1687,2.691,481.045805201622
"GS","2023-05-31","CAR2023573","57",60.2848,-48.5343,2.916,481.472849653545
"GS","2023-06-01","CAR2023573","",60.40828333,-48.40791667,5,480.743828062366
"GS","2023-06-01","CAR2023573","62",60.4385,-48.354,1.799,483.346529223534
"GS","2023-06-01","CAR2023573","66",60.6155,-48.1938,1.58,483.727585708171
"GS","2023-06-01","CAR2023573","70",60.5633,-48.2235,2.814,483.110758163084
"GS","2023-06-01","CAR2023573","75",60.3602,-48.4542,1.626,480.850082854772
"GS","2023-06-01","CAR2023573","78",60.1733,-48.6567,3.05,482.995758240784
"CLS","2023-06-02","CAR2023573","82",59.9748,-48.8878,1.766,482.531906258789
"HB","2023-06-05","CAR2023573","",55.14581667,-54.08028333,5,478.307181662681
"HB","2023-06-05","CAR2023573","98",55.4192,-53.829,1.27,477.249359991968
"HB","2023-06-05","CAR2023573","103",55.2585,-53.9888,2.108,474.452816551984
"HB","2023-06-05","CAR2023573","106",55.1072,-54.1358,2.3,479.596047979663
"HB","2023-06-05","CAR2023573","110",54.9505,-54.2918,1.891,484.478714169614
"HB","2023-06-06","CAR2023573","113",54.7557,-54.4913,2.009,483.268293552009
"HB","2023-06-06","CAR2023573","122",53.9845,-55.2498,2.269,478.381526251608
"CLS","2024-05-29","CAR2024924","1",55.84986667,-53.3904,1,479.832495611039
"CLS","2024-05-29","CAR2024924","8",55.8447,-53.395,2.927,477.95045662341
"CLS","2024-05-29","CAR2024924","9",55.9795,-53.2537,31.273,482.500766112894
"CLS","2024-05-29","CAR2024924","9",55.9795,-53.2537,1.981,480.636912255067
"CLS","2024-05-30","CAR2024924","1",56.67308333,-52.56076667,1,476.509282854953
"CLS","2024-05-30","CAR2024924","10",56.1117,-53.1218,2.342,479.467418323801
"CLS","2024-05-30","CAR2024924","13",56.538,-52.6778,1.471,484.088331448094
"CLS","2024-05-31","CAR2024924","1",57.48613333,-51.67076667,1,472.308163074265
"CLS","2024-05-31","CAR2024924","18",56.9528,-52.2333,2.324,476.688451113153
"CLS","2024-05-31","CAR2024924","21",57.1643,-52.0177,30.602,479.952418591172
"CLS","2024-05-31","CAR2024924","21",57.1643,-52.0177,1.569,476.354599504788
"CLS","2024-05-31","CAR2024924","25",57.3782,-51.7908,1.569,473.58185985782
"CLS","2024-06-01","CAR2024924","1",58.24858333,-50.73368333,1,475.100760007857
"CLS","2024-06-01","CAR2024924","28",57.802,-51.3438,1.288,474.80379707253
"CLS","2024-06-01","CAR2024924","32",58.2187,-50.8733,2.26,477.9704490362
"CLS","2024-06-01","CAR2024924","36",58.4332,-50.66,30.644,476.379458716469
"CLS","2024-06-01","CAR2024924","36",58.4332,-50.66,2.145,473.032563156155
"CLS","2024-06-01","CAR2024924","37",58.638,-50.4135,2.161,474.123884029447
"CLS","2024-06-02","CAR2024924","1",59.42023333,-49.53208333,1,474.071992101685
"CLS","2024-06-02","CAR2024924","41",59.067,-49.9535,2.718,472.354793695569
"CLS","2024-06-02","CAR2024924","45",59.4825,-49.4753,2.716,479.309367221122
"CLS","2024-06-02","CAR2024924","48",59.6193,-49.3155,30.62,473.781581337315
"CLS","2024-06-02","CAR2024924","48",59.6193,-49.3155,2.498,476.500997171152
"GS","2024-06-03","CAR2024924","1",60.40151667,-48.41236667,1,482.802855837143
"CLS","2024-06-03","CAR2024924","49",59.7507,-49.1682,2.344,475.606652671347
"GS","2024-06-03","CAR2024924","54",60.2908,-48.5428,1.763,480.511796743479
"GS","2024-06-03","CAR2024924","59",60.4322,-48.4108,2.182,480.916792046461
"GS","2024-06-03","CAR2024924","64",60.365,-48.4507,2.155,474.628640135164
"GS","2024-06-04","CAR2024924","67",60.1717,-48.6852,2.695,483.414537368562
"CLS","2024-06-04","CAR2024924","71",59.9868,-48.9022,1.69,486.11919590924
"HB","2024-06-08","CAR2024924","1",55.09776667,-54.16718333,1,474.804438741652
"HB","2024-06-08","CAR2024924","98",55.4198,-53.826,1.958,472.17236718072
"HB","2024-06-08","CAR2024924","103",55.2628,-53.9922,1.69,471.548050256021
"HB","2024-06-08","CAR2024924","107",55.1128,-54.137,2.363,470.347390877482
"HB","2024-06-08","CAR2024924","111",54.9512,-54.2887,1.794,472.360620404893
"HB","2024-06-08","CAR2024924","115",54.7702,-54.486,2.045,465.90410001565
"HB","2024-06-09","CAR2024924","1",54.06791667,-55.17173333,1,469.758023586829
"HB","2024-06-09","CAR2024924","118",54.4942,-54.7507,1.675,473.901465343946
"HB","2024-06-09","CAR2024924","121",54.222,-55.026,1.556,474.013881989188
"HB","2024-06-09","CAR2024924","124",53.9883,-55.2473,1.961,477.424152148914
"HB","2024-06-09","CAR2024924","127",53.796,-55.4337,1.787,482.450202799701
"HB","2024-06-09","CAR2024924","130",53.6805,-55.5448,1.21,471.279958425141
